Taxon ID,Species Label,Proteome ID,Proteome Taxon,Proteome Type,Number of Sources,Number of Sources Missing Sequences,Number of Sources with No BLAST Matches,Number of Sources with BLAST Matches,Number of Epitopes,Number of Epitopes with a Match,Successful Gene Assignments (%),Successful Parent Assignments (%)
24,Shewanella putrefaciens,UP000008209,24.0,Non-redundant,1.0,0.0,0.0,1.0,1.0,1.0,100.0,100.0
34,Myxococcus xanthus,UP000002402,246197.0,Representative,,,,,,,,
106,Runella slithyformis,UP000000493,761193.0,Representative,1.0,0.0,0.0,1.0,4.0,1.0,100.0,25.0
108,Spirosoma linguale,UP000002028,504472.0,Other,1.0,0.0,0.0,1.0,1.0,1.0,100.0,100.0
139,Borreliella burgdorferi (Lyme disease spirochete),UP000001807,224326.0,Representative,74.0,5.0,1.0,73.0,869.0,4.0,98.64864864864865,0.4602991944764096
158,Treponema denticola,UP000008212,,Representative,2.0,0.0,0.0,2.0,2.0,2.0,100.0,100.0
160,Treponema pallidum,UP000000811,,Representative,18.0,1.0,0.0,18.0,602.0,435.0,100.0,72.25913621262458
162,Treponema phagedenis,UP000004157,,Representative,1.0,0.0,0.0,1.0,2.0,1.0,100.0,50.0
173,Leptospira interrogans,UP000012139,,Representative,32.0,1.0,4.0,28.0,285.0,235.0,87.5,82.45614035087719
188,Magnetospirillum magnetotacticum,UP000031971,,Other,5.0,0.0,0.0,5.0,7.0,4.0,100.0,57.14285714285714
195,Campylobacter coli,UP000411654,,Non-redundant,4.0,0.0,0.0,4.0,8.0,4.0,100.0,50.0
196,Campylobacter fetus,UP000052237,,Non-redundant,3.0,0.0,0.0,3.0,17.0,15.0,100.0,88.23529411764706
197,Campylobacter jejuni,UP000000799,,Representative,127.0,2.0,13.0,114.0,673.0,1.0,89.76377952755905,0.1485884101040119
201,Campylobacter lari,UP000842245,,Non-redundant,,,,,,,,
210,Helicobacter pylori,UP000000429,,Representative,,,,,,,,
214,Helicobacter felis,UP000007934,,Other,,,,,,,,
235,Brucella abortus (Brucella melitensis bv. Abortus),UP000002719,,Representative,,,,,,,,
236,Brucella ovis (Brucella melitensis bv. Ovis),UP000006383,,Non-redundant,,,,,,,,
263,Francisella tularensis,UP000001174,,Representative,,,,,,,,
266,Paracoccus denitrificans,UP000000361,,Representative,,,,,,,,
271,Thermus aquaticus,UP000058660,,Other,,,,,,,,
274,Thermus thermophilus,UP000000532,,Representative,,,,,,,,
280,Xanthobacter autotrophicus,UP000002417,,Representative,,,,,,,,
287,Pseudomonas aeruginosa,UP000002438,,Representative,,,,,,,,
288,Pseudoalteromonas atlantica,UP000001981,,Representative,,,,,,,,
292,Burkholderia cepacia (Burkholderia cepacia genomovar I),UP000298185,,Non-redundant,,,,,,,,
294,Pseudomonas fluorescens,UP000609797,,Non-redundant,,,,,,,,
298,Pseudomonas marginalis,UP000316123,,Non-redundant,,,,,,,,
300,Pseudomonas mendocina,UP000612856,,Non-redundant,,,,,,,,
303,Pseudomonas putida,UP000000556,,Representative,,,,,,,,
306,Pseudomonas sp.,UP000315499,,Representative,,,,,,,,
312,Pseudomonas sp. RS-16,,,All-proteins,,,,,,,,
316,Pseudomonas stutzeri,UP000000233,,Representative,,,,,,,,
354,Azotobacter vinelandii,UP000002424,,Non-redundant,,,,,,,,
358,Agrobacterium tumefaciens,UP000001600,,Representative,,,,,,,,
382,Sinorhizobium meliloti,UP000001976,,Representative,,,,,,,,
384,Rhizobium leguminosarum,UP000482243,,Non-redundant,,,,,,,,
446,Legionella pneumophila,UP000000609,,Representative,,,,,,,,
450,Legionella longbeachae,UP000001060,,Non-redundant,,,,,,,,
470,Acinetobacter baumannii,UP000263147,,Non-redundant,,,,,,,,
471,Acinetobacter calcoaceticus,UP000013274,,Non-redundant,,,,,,,,
480,Moraxella catarrhalis,UP000000930,,Representative,,,,,,,,
485,Neisseria gonorrhoeae,UP000000535,,Reference,,,,,,,,
487,Neisseria meningitidis,UP000000425,,Representative,,,,,,,,
511,Alcaligenes faecalis,UP000245216,,Non-redundant,,,,,,,,
512,Alcaligenes sp.,UP000673886,,Other,,,,,,,,
518,Bordetella bronchiseptica,UP000025971,,Non-redundant,,,,,,,,
520,Bordetella pertussis,UP000002676,,Representative,,,,,,,,
521,Bordetella avium,UP000001977,,Representative,,,,,,,,
524,Acidiphilium cryptum (Acidiphilum cryptum),UP000000245,,Representative,,,,,,,,
546,Citrobacter freundii,UP000609372,,Non-redundant,,,,,,,,
550,Enterobacter cloacae,UP000249511,,Non-redundant,,,,,,,,
554,Pectobacterium carotovorum,UP000284819,,Non-redundant,,,,,,,,
556,Dickeya chrysanthemi,UP000002735,,Other,,,,,,,,
562,Escherichia coli,UP000000625,,Representative,,,,,,,,
573,Klebsiella pneumoniae,UP000254702,,Representative,,,,,,,,
584,Proteus mirabilis,UP000008319,,Representative,,,,,,,,
615,Serratia marcescens,UP000298510,,Non-redundant,,,,,,,,
621,Shigella boydii,UP000215573,,Non-redundant,,,,,,,,
622,Shigella dysenteriae (Escherichia/Shigella dysenteriae),UP000002716,,Reference,,,,,,,,
623,Shigella flexneri (Escherichia/Shigella flexneri),UP000001006,,Reference,,,,,,,,
624,Shigella sonnei,UP000215054,,Non-redundant,,,,,,,,
630,Yersinia enterocolitica,UP000069750,,Non-redundant,,,,,,,,
632,Yersinia pestis,UP000000815,,Representative,,,,,,,,
633,Yersinia pseudotuberculosis,UP000255087,,Non-redundant,,,,,,,,
634,Yersinia bercovieri,UP000229378,,Non-redundant,,,,,,,,
636,Edwardsiella tarda,UP000003692,,Non-redundant,,,,,,,,
644,Aeromonas hydrophila,UP000000756,,Representative,,,,,,,,
645,Aeromonas salmonicida,UP000196533,,Non-redundant,,,,,,,,
659,Photobacterium phosphoreum,UP000240514,,Non-redundant,,,,,,,,
661,Photobacterium angustum,UP000001603,,Non-redundant,,,,,,,,
663,Vibrio alginolyticus,UP000565155,,Non-redundant,,,,,,,,
666,Vibrio cholerae,UP000471242,,Representative,,,,,,,,
668,Aliivibrio fischeri,UP000000537,,Representative,,,,,,,,
670,Vibrio parahaemolyticus,UP000002493,,Representative,,,,,,,,
671,Vibrio proteolyticus,UP000016570,,Other,,,,,,,,
672,Vibrio vulnificus,UP000002675,,Representative,,,,,,,,
674,Vibrio mimicus,UP000053748,,Non-redundant,,,,,,,,
703,Plesiomonas shigelloides,UP000014012,,Representative,,,,,,,,
714,Aggregatibacter actinomycetemcomitans,UP000808925,,Non-redundant,,,,,,,,
715,Actinobacillus pleuropneumoniae,UP000001432,,Representative,,,,,,,,
727,Haemophilus influenzae,UP000000579,,Representative,,,,,,,,
730,[Haemophilus] ducreyi,UP000001022,,Representative,,,,,,,,
731,Histophilus somni,UP000306061,,Non-redundant,,,,,,,,
738,[Haemophilus] parasuis,UP000006743,,Representative,,,,,,,,
747,Pasteurella multocida,UP000002751,,Representative,,,,,,,,
769,Anaplasma centrale,UP000000630,,Other,,,,,,,,
770,Anaplasma marginale,UP000007307,,Representative,,,,,,,,
774,Bartonella bacilliformis,UP000000643,,Representative,,,,,,,,
777,Coxiella burnetii,UP000002671,,Representative,,,,,,,,
779,Ehrlichia ruminantium (heartwater rickettsia),UP000092731,,Non-redundant,,,,,,,,
781,Rickettsia conorii,UP000000816,,Non-redundant,,,,,,,,
782,Rickettsia prowazekii,UP000002480,,Representative,,,,,,,,
783,Rickettsia rickettsii,UP000000796,,Non-redundant,,,,,,,,
784,Orientia tsutsugamushi,UP000001565,,Representative,,,,,,,,
785,Rickettsia typhi,UP000000604,,Non-redundant,,,,,,,,
786,Rickettsia akari (rickettsialpox),UP000006830,,Other,,,,,,,,
787,Rickettsia australis,UP000007589,,Other,,,,,,,,
788,Rickettsia canadensis,UP000007056,,Non-redundant,,,,,,,,
813,Chlamydia trachomatis,UP000000431,,Representative,,,,,,,,
817,Bacteroides fragilis,UP000006731,,Representative,,,,,,,,
818,Bacteroides thetaiotaomicron,UP000001414,,Representative,,,,,,,,
837,Porphyromonas gingivalis,UP000000588,,Representative,,,,,,,,
851,Fusobacterium nucleatum (Fusibacterium nucleatum),UP000005392,,Representative,,,,,,,,
891,Desulfuromonas acetoxidans,UP000005695,,Representative,,,,,,,,
920,Acidithiobacillus ferrooxidans,UP000001362,,Representative,,,,,,,,
944,Ehrlichia canis,UP000000435,,Representative,,,,,,,,
945,Ehrlichia chaffeensis,UP000008320,,Reference,,,,,,,,
948,Anaplasma phagocytophilum (agent of human granulocytic ehrlichiosis),UP000001943,,Representative,,,,,,,,
985,Cytophaga hutchinsonii,UP000001822,,Representative,,,,,,,,
1006,Marivirga tractuosa,UP000008720,,Representative,,,,,,,,
1018,Capnocytophaga ochracea,UP000006650,,Representative,,,,,,,,
1022,Beggiatoa alba,UP000005744,,Representative,,,,,,,,
1027,Microscilla marina,UP000004095,,Representative,,,,,,,,
1063,Rhodobacter sphaeroides,UP000002703,,Representative,,,,,,,,
1076,Rhodopseudomonas palustris,UP000032515,,Representative,,,,,,,,
1102,Prosthecochloris aestuarii,UP000002725,,Representative,,,,,,,,
1108,Chloroflexus aurantiacus,UP000002008,,Representative,,,,,,,,
1148,Synechocystis sp. PCC 6803,UP000001425,,Representative,,,,,,,,
1206,Trichodesmium erythraeum,,,All-proteins,,,,,,,,
1219,Prochlorococcus marinus,UP000001423,,Representative,,,,,,,,
1254,Pediococcus acidilactici,UP000009880,,Non-redundant,,,,,,,,
1260,Finegoldia magna,UP000001319,,Representative,,,,,,,,
1265,Ruminococcus flavefaciens,UP000183461,,Representative,,,,,,,,
1270,Micrococcus luteus,UP000000738,,Representative,,,,,,,,
1280,Staphylococcus aureus,UP000008816,,Representative,,,,,,,,
1282,Staphylococcus epidermidis,UP000000531,,Reference,,,,,,,,
1303,Streptococcus oralis,UP000790600,,Non-redundant,,,,,,,,
1305,Streptococcus sanguinis,UP000002148,,Representative,,,,,,,,
1307,Streptococcus suis,UP000000243,,Representative,,,,,,,,
1309,Streptococcus mutans,UP000002512,,Representative,,,,,,,,
1310,Streptococcus sobrinus,UP000016617,,Non-redundant,,,,,,,,
1311,Streptococcus agalactiae,UP000000821,,Representative,,,,,,,,
1313,Streptococcus pneumoniae,UP000002642,,Representative,,,,,,,,
1314,Streptococcus pyogenes,UP000000750,,Representative,,,,,,,,
1317,Streptococcus downei (Streptococcus downensis),UP000254082,,Non-redundant,,,,,,,,
1320,Streptococcus sp. 'group G',,,All-proteins,,,,,,,,
1323,Faecalicoccus pleomorphus,UP000255523,,Representative,,,,,,,,
1325,Streptococcus sp. GX7805,,,All-proteins,,,,,,,,
1329,Streptococcus canis,UP000280759,,Non-redundant,,,,,,,,
1334,Streptococcus dysgalactiae,UP000384095,,Non-redundant,,,,,,,,
1336,Streptococcus equi,UP000041669,,Non-redundant,,,,,,,,
1349,Streptococcus uberis,UP000000449,,Representative,,,,,,,,
1351,Enterococcus faecalis,UP000001415,,Representative,,,,,,,,
1352,Enterococcus faecium,UP000005269,,Representative,,,,,,,,
1358,Lactococcus lactis,UP000002196,,Representative,,,,,,,,
1390,Bacillus amyloliquefaciens,UP000032472,,Non-redundant,,,,,,,,
1392,Bacillus anthracis (anthrax bacterium),UP000000594,,Reference,,,,,,,,
1396,Bacillus cereus,UP000001417,,Representative,,,,,,,,
1402,Bacillus licheniformis,UP000000606,,Representative,,,,,,,,
1404,Bacillus megaterium,UP000000935,,Representative,,,,,,,,
1408,Bacillus pumilus,UP000001355,,Representative,,,,,,,,
1421,Lysinibacillus sphaericus,UP000770901,,Non-redundant,,,,,,,,
1422,Geobacillus stearothermophilus,UP000217162,,Non-redundant,,,,,,,,
1423,Bacillus subtilis,UP000001570,,Representative,,,,,,,,
1427,Bacillus thermoproteolyticus,,,All-proteins,,,,,,,,
1428,Bacillus thuringiensis,UP000224003,,Non-redundant,,,,,,,,
1467,Bacillus lentus,UP000249134,,Representative,,,,,,,,
1488,Clostridium acetobutylicum,UP000000814,,Representative,,,,,,,,
1491,Clostridium botulinum,UP000001986,,Representative,,,,,,,,
1496,Clostridium difficile,UP000001978,,Representative,,,,,,,,
1502,Clostridium perfringens,UP000000818,,Representative,,,,,,,,
1513,Clostridium tetani,UP000001412,,Representative,,,,,,,,
1515,Ruminiclostridium thermocellum,UP000002145,,Representative,,,,,,,,
1520,Clostridium beijerinckii,UP000250158,,Non-redundant,,,,,,,,
1521,[Clostridium] cellulolyticum (Clostridium cellulosilyticum),UP000001349,,Representative,,,,,,,,
1525,Moorella thermoacetica,UP000182811,,Representative,,,,,,,,
1542,Clostridium novyi,UP000008220,,Representative,,,,,,,,
1584,Lactobacillus delbrueckii,UP000001259,,Representative,,,,,,,,
1599,Lactobacillus sakei,UP000002707,,Representative,,,,,,,,
1604,Lactobacillus amylovorus,UP000007033,,Non-redundant,,,,,,,,
1638,Listeria ivanovii,UP000029667,,Non-redundant,,,,,,,,
1639,Listeria monocytogenes,UP000000817,,Representative,,,,,,,,
1640,Listeria seeligeri,UP000004302,,Non-redundant,,,,,,,,
1641,Listeria grayi (Listeria grayi grayi),UP000010119,,Representative,,,,,,,,
1642,Listeria innocua,UP000555375,,Non-redundant,,,,,,,,
1643,Listeria welshimeri,UP000594789,,Non-redundant,,,,,,,,
1646,Renibacterium salmoninarum,UP000002007,,Representative,,,,,,,,
1655,Actinomyces naeslundii,UP000250032,,Non-redundant,,,,,,,,
1661,Trueperella pyogenes,UP000275951,,Non-redundant,,,,,,,,
1681,Bifidobacterium bifidum,UP000006173,,Representative,,,,,,,,
1685,Bifidobacterium breve,UP000003191,,Non-redundant,,,,,,,,
1717,Corynebacterium diphtheriae,UP000002198,,Representative,,,,,,,,
1718,Corynebacterium glutamicum,UP000000582,,Representative,,,,,,,,
1744,Propionibacterium freudenreichii,UP000000936,,Representative,,,,,,,,
1747,Propionibacterium acnes (Propionicibacterium acnes),UP000019081,,Representative,,,,,,,,
1764,Mycobacterium avium,UP000019908,,Representative,,,,,,,,
1765,Mycobacterium bovis,UP000059860,,Non-redundant,,,,,,,,
1767,Mycobacterium intracellulare,UP000020825,,Non-redundant,,,,,,,,
1768,Mycobacterium kansasii,UP000516380,,Representative,,,,,,,,
1769,Mycobacterium leprae,UP000000806,,Representative,,,,,,,,
1772,Mycobacterium smegmatis,UP000000757,,Representative,,,,,,,,
1773,Mycobacterium tuberculosis,UP000001584,,Representative,,,,,,,,
1777,Mycobacterium gastri,UP000019111,,Other,,,,,,,,
1778,Mycobacterium gordonae,UP000051677,,Representative,,,,,,,,
1781,Mycobacterium marinum,UP000001190,,Representative,,,,,,,,
1783,Mycobacterium scrofulaceum,UP000192601,,Non-redundant,,,,,,,,
1795,Mycobacterium neoaurum,UP000018763,,Representative,,,,,,,,
1804,Mycobacterium gilvum,UP000254291,,Other,,,,,,,,
1809,Mycobacterium ulcerans,UP000020681,,Representative,,,,,,,,
1828,Rhodococcus fascians,UP000731849,,Non-redundant,,,,,,,,
1833,Rhodococcus erythropolis,UP000502345,,Non-redundant,,,,,,,,
1902,Streptomyces coelicolor,UP000001973,,Representative,,,,,,,,
1916,Streptomyces lividans,UP000014062,,Non-redundant,,,,,,,,
1946,Streptomyces kasugaensis (Streptomyces kasugensis),UP000292452,,Representative,,,,,,,,
2021,Thermobifida fusca,UP000249530,,Non-redundant,,,,,,,,
2039,Tropheryma whipplei,UP000002200,,Representative,,,,,,,,
2066,Kitasatospora setae (Kitasatospora setensis),UP000007076,,Representative,,,,,,,,
2096,Mycoplasma gallisepticum,UP000001418,,Representative,,,,,,,,
2097,Mycoplasma genitalium,UP000000807,,Representative,,,,,,,,
2099,Mycoplasma hyopneumoniae,UP000215452,,Non-redundant,,,,,,,,
2104,Mycoplasma pneumoniae,UP000000808,,Reference,,,,,,,,
2110,Mycoplasma agalactiae,UP000007065,,Representative,,,,,,,,
2111,Mycoplasma arthritidis,UP000008812,,Representative,,,,,,,,
2133,Spiroplasma citri,UP000183717,,Non-redundant,,,,,,,,
2148,Acholeplasma laidlawii,UP000008558,,Representative,,,,,,,,
2190,Methanocaldococcus jannaschii,UP000000805,,Representative,,,,,,,,
2234,Archaeoglobus fulgidus,UP000002199,,Representative,,,,,,,,
2261,Pyrococcus furiosus,UP000001013,,Representative,,,,,,,,
2439,Plasmid ColB2,,,All-proteins,,,,,,,,
2465,Plasmid F,,,All-proteins,,,,,,,,
2771,Cyanidium caldarium,,,All-proteins,,,,,,,,
2903,Emiliania huxleyi,UP000013827,,Representative,,,,,,,,
3067,Volvox carteri,UP000001058,,Representative,,,,,,,,
3352,Pinus taeda (loblolly pine),,,All-proteins,,,,,,,,
3369,Cryptomeria japonica (Japanese cedar),,,All-proteins,,,,,,,,
3505,Betula pendula (white birch),UP000595565,,Other,,,,,,,,
3513,Quercus alba (white oak),,,All-proteins,,,,,,,,
3517,Alnus glutinosa,,,All-proteins,,,,,,,,
3559,Chenopodium album (pigweed),,,All-proteins,,,,,,,,
3567,Amaranthus caudatus (love-lies-bleeding),,,All-proteins,,,,,,,,
3617,Fagopyrum esculentum (common buckwheat),,,All-proteins,,,,,,,,
3645,Bertholletia excelsa (Brazil nut),,,All-proteins,,,,,,,,
3649,Carica papaya (mamon),,,All-proteins,,,,,,,,
3656,Cucumis melo (Oriental melon),UP000321393,,Representative,,,,,,,,
3663,Cucurbita pepo,,,All-proteins,,,,,,,,
3677,Trichosanthes kirilowii (tian hua fen),,,All-proteins,,,,,,,,
3694,Populus trichocarpa (western balsam poplar),UP000006729,,Representative,,,,,,,,
3702,Arabidopsis thaliana (mouse-ear cress),UP000006548,,Representative,,,,,,,,
3704,Armoracia rusticana (horseradish),,,All-proteins,,,,,,,,
3707,Brassica juncea (brown mustard),,,All-proteins,,,,,,,,
3708,Brassica napus (oilseed rape),UP000028999,,Representative,,,,,,,,
3711,Brassica rapa (field mustard),UP000264353,,Representative,,,,,,,,
3728,Sinapis alba (bai jie),,,All-proteins,,,,,,,,
3750,Malus domestica (apple tree),UP000290289,,Representative,,,,,,,,
3755,Prunus dulcis (sweet almond),UP000327085,,Representative,,,,,,,,
3758,Prunus domestica (plum),,,All-proteins,,,,,,,,
3760,Prunus persica (peach),UP000006882,,Representative,,,,,,,,
3816,Abrus precatorius (crab's-eye),UP000694853,,Representative,,,,,,,,
3818,Arachis hypogaea (peanut),UP000289738,,Representative,,,,,,,,
3823,Canavalia ensiformis (horse bean),,,All-proteins,,,,,,,,
3847,Glycine max (soybeans),UP000008827,,Representative,,,,,,,,
3864,Lens culinaris (lentil),,,All-proteins,,,,,,,,
3885,Phaseolus vulgaris (kidney bean),UP000000226,,Representative,,,,,,,,
3888,Pisum sativum (garden pea),,,All-proteins,,,,,,,,
3897,Sophora japonica (Japanese pagoda tree),,,All-proteins,,,,,,,,
3972,Viscum album (European mistletoe),,,All-proteins,,,,,,,,
3981,Hevea brasiliensis (rubbertree),UP000467840,,Representative,,,,,,,,
3986,Mercurialis annua (herb mercury),,,All-proteins,,,,,,,,
3988,Ricinus communis (castor bean),UP000008311,,Representative,,,,,,,,
4026,Acer pseudoplatanus (sycamore maple),,,All-proteins,,,,,,,,
4039,Daucus carota (carrots),UP000077755,,Representative,,,,,,,,
4045,Apium graveolens,UP000593563,,Representative,,,,,,,,
4081,Solanum lycopersicum (tomato),UP000004994,,Representative,,,,,,,,
4097,Nicotiana tabacum (tobacco),UP000084051,,Representative,,,,,,,,
4113,Solanum tuberosum (potatoes),UP000011115,,Representative,,,,,,,,
4146,Olea europaea (common olive),UP000594638,,Other,,,,,,,,
4182,Sesamum indicum (koba),UP000504604,,Representative,,,,,,,,
4212,Ambrosia artemisiifolia (short ragweed),,,All-proteins,,,,,,,,
4214,Ambrosia trifida (giant ragweed),,,All-proteins,,,,,,,,
4220,Artemisia vulgaris (mugwort),,,All-proteins,,,,,,,,
4232,Helianthus annuus (common sunflower),UP000215914,,Representative,,,,,,,,
4487,Aegilops searsii,,,All-proteins,,,,,,,,
4494,Aegilops markgrafii,,,All-proteins,,,,,,,,
4497,Avena nuda (small naked oat),,,All-proteins,,,,,,,,
4498,Avena sativa (cultivated oat),,,All-proteins,,,,,,,,
4509,Dactylis glomerata (cocksfoot),,,All-proteins,,,,,,,,
4513,Hordeum vulgare (barley),UP000011116,,Representative,,,,,,,,
4522,Lolium perenne (perennial ryegrass),,,All-proteins,,,,,,,,
4530,Oryza sativa (red rice),UP000059680,,Representative,,,,,,,,
4545,Poa pratensis (Kentucky bluegrass),,,All-proteins,,,,,,,,
4550,Secale cereale (rye),,,All-proteins,,,,,,,,
4565,Triticum aestivum (Canadian hard winter wheat),UP000019116,,Representative,,,,,,,,
4568,Triticum monococcum (einkorn wheat),,,All-proteins,,,,,,,,
4571,Triticum turgidum (poulard wheat),UP000324705,,Other,,,,,,,,
4572,Triticum urartu,UP000015106,,Representative,,,,,,,,
4573,Aegilops speltoides,,,All-proteins,,,,,,,,
4577,Zea mays (maize),UP000007305,,Representative,,,,,,,,
4601,Thinopyrum bessarabicum,,,All-proteins,,,,,,,,
4606,Festuca arundinacea (tall fescue),,,All-proteins,,,,,,,,
4615,Ananas comosus (pineapple),UP000092600,,Representative,,,,,,,,
4641,Musa acuminata (banana),UP000012960,,Representative,,,,,,,,
4754,Pneumocystis carinii,UP000054454,,Other,,,,,,,,
4768,Achlya ambisexualis,,,All-proteins,,,,,,,,
4896,Schizosaccharomyces pombe (fission yeast),UP000002485,,Representative,,,,,,,,
4932,Saccharomyces cerevisiae (baker's yeast),UP000002311,,Representative,,,,,,,,
5037,Histoplasma capsulatum,UP000002624,,Representative,,,,,,,,
5039,Blastomyces dermatitidis,UP000002039,,Representative,,,,,,,,
5061,Aspergillus niger,UP000009038,,Representative,,,,,,,,
5064,Aspergillus restrictus,,,All-proteins,,,,,,,,
5067,Aspergillus parasiticus,UP000326532,,Representative,,,,,,,,
5076,Penicillium chrysogenum,UP000076449,,Other,,,,,,,,
5077,Penicillium citrinum,,,All-proteins,,,,,,,,
5141,Neurospora crassa,UP000001805,,Representative,,,,,,,,
5207,Cryptococcus neoformans,UP000002149,,Representative,,,,,,,,
5270,Ustilago maydis,UP000000561,,Representative,,,,,,,,
5334,Schizophyllum commune,UP000007431,,Representative,,,,,,,,
5476,Candida albicans,UP000536275,,Representative,,,,,,,,
5482,Candida tropicalis,UP000002037,,Representative,,,,,,,,
5501,Coccidioides immitis,UP000054559,,Representative,,,,,,,,
5503,Curvularia lunata,,,All-proteins,,,,,,,,
5537,Rhodotorula mucilaginosa,,,All-proteins,,,,,,,,
5551,Trichophyton rubrum,UP000008864,,Representative,,,,,,,,
5599,Alternaria alternata,UP000077248,,Representative,,,,,,,,
5659,Leishmania amazonensis,,,All-proteins,,,,,,,,
5660,Leishmania braziliensis,UP000007258,,Reference,,,,,,,,
5661,Leishmania donovani,UP000274082,,Other,,,,,,,,
5664,Leishmania major,UP000000542,,Representative,,,,,,,,
5665,Leishmania mexicana,UP000007259,,Other,,,,,,,,
5667,Leishmania aethiopica,,,All-proteins,,,,,,,,
5671,Leishmania infantum,UP000008153,,Reference,,,,,,,,
5679,Leishmania panamensis,UP000063063,,Other,,,,,,,,
5682,Leishmania pifanoi,,,All-proteins,,,,,,,,
5691,Trypanosoma brucei,UP000008524,,Representative,,,,,,,,
5693,Trypanosoma cruzi,UP000002296,,Representative,,,,,,,,
5722,Trichomonas vaginalis,UP000001542,,Representative,,,,,,,,
5741,Giardia intestinalis (Giardia lamblia),UP000001548,,Representative,,,,,,,,
5755,Acanthamoeba castellanii,UP000011083,,Representative,,,,,,,,
5759,Entamoeba histolytica,UP000001926,,Representative,,,,,,,,
5762,Naegleria gruberi,UP000006671,,Representative,,,,,,,,
5801,Eimeria acervulina,UP000018050,,Other,,,,,,,,
5802,Eimeria tenella,UP000030747,,Other,,,,,,,,
5807,Cryptosporidium parvum,UP000006726,,Representative,,,,,,,,
5811,Toxoplasma gondii,UP000002226,,Representative,,,,,,,,
5821,Plasmodium berghei,UP000074855,,Representative,,,,,,,,
5824,Plasmodium brasilianum,,,All-proteins,,,,,,,,
5825,Plasmodium chabaudi,UP000507536,,Other,,,,,,,,
5827,Plasmodium cynomolgi,UP000006319,,Representative,,,,,,,,
5833,Plasmodium falciparum (malaria parasite P. falciparum),UP000030708,,Representative,,,,,,,,
5849,Plasmodium gallinaceum,UP000220797,,Other,,,,,,,,
5850,Plasmodium knowlesi,UP000031513,,Representative,,,,,,,,
5854,Plasmodium reichenowi,UP000240500,,Other,,,,,,,,
5855,Plasmodium vivax (malaria parasite P. vivax),UP000008333,,Representative,,,,,,,,
5857,Plasmodium fragile,UP000054561,,Other,,,,,,,,
5858,Plasmodium malariae,UP000219813,,Representative,,,,,,,,
5859,Plasmodium simium,,,All-proteins,,,,,,,,
5861,Plasmodium yoelii,UP000008553,,Representative,,,,,,,,
5865,Babesia bovis,UP000002173,,Representative,,,,,,,,
5866,Babesia bigemina,UP000033188,,Representative,,,,,,,,
5868,Babesia microti,UP000002899,,Representative,,,,,,,,
5872,Theileria equi,UP000031512,,Representative,,,,,,,,
5874,Theileria annulata,UP000001950,,Representative,,,,,,,,
5875,Theileria parva,UP000001949,,Representative,,,,,,,,
5877,Theileria sergenti,,,All-proteins,,,,,,,,
5885,Paramecium caudatum,,,All-proteins,,,,,,,,
5911,Tetrahymena thermophila,UP000009168,,Representative,,,,,,,,
6035,Encephalitozoon cuniculi,UP000000819,,Representative,,,,,,,,
6100,Aequorea victoria,,,All-proteins,,,,,,,,
6182,Schistosoma japonicum,UP000311919,,Representative,,,,,,,,
6183,Schistosoma mansoni,UP000008854,,Representative,,,,,,,,
6184,Schistosoma bovis,UP000290809,,Representative,,,,,,,,
6185,Schistosoma haematobium,,,All-proteins,,,,,,,,
6192,Fasciola hepatica (liver fluke),UP000230066,,Representative,,,,,,,,
6203,Taenia ovis (sheep tapeworm),,,All-proteins,,,,,,,,
6204,Taenia solium (pig tapeworm),,,All-proteins,,,,,,,,
6206,Taenia saginata (beef tapeworm),,,All-proteins,,,,,,,,
6207,Taenia crassiceps,,,All-proteins,,,,,,,,
6210,Echinococcus granulosus,UP000019149,,Representative,,,,,,,,
6238,Caenorhabditis briggsae,UP000008549,,Representative,,,,,,,,
6239,Caenorhabditis elegans (roundworm),UP000001940,,Representative,,,,,,,,
6248,Strongyloides stercoralis,UP000035681,,Representative,,,,,,,,
6253,Ascaris suum (pig roundworm),,,All-proteins,,,,,,,,
6269,Anisakis simplex (herring worm),UP000267096,,Representative,,,,,,,,
6279,Brugia malayi (agent of lymphatic filariasis),UP000006672,,Representative,,,,,,,,
6282,Onchocerca volvulus,UP000024404,,Representative,,,,,,,,
6289,Haemonchus contortus (red stomach worm),UP000025227,,Other,,,,,,,,
6293,Wuchereria bancrofti (agent of lymphatic filariasis),UP000270924,,Representative,,,,,,,,
6299,Litomosoides carinii,,,All-proteins,,,,,,,,
6334,Trichinella spiralis,UP000054776,,Representative,,,,,,,,
6339,Heligmosomoides polygyrus,UP000050761,,Other,,,,,,,,
6421,Hirudo medicinalis (medicinal leech),,,All-proteins,,,,,,,,
6454,Haliotis rufescens (California red abalone),,,All-proteins,,,,,,,,
6491,Conus geographus (geography cone),,,All-proteins,,,,,,,,
6492,Conus magus (magus cone),,,All-proteins,,,,,,,,
6493,Conus striatus (striated cone),,,All-proteins,,,,,,,,
6495,Conus tulipa (fish-hunting cone snail),,,All-proteins,,,,,,,,
6536,Helix pomatia (edible snail),,,All-proteins,,,,,,,,
6661,Artemia franciscana,,,All-proteins,,,,,,,,
6687,Penaeus monodon (tiger prawn),,,All-proteins,,,,,,,,
6689,Litopenaeus vannamei (white shrimp),UP000283509,,Representative,,,,,,,,
6690,Farfantepenaeus aztecus (brown shrimp),,,All-proteins,,,,,,,,
6850,Limulus polyphemus (Atlantic horseshoe crab),,,All-proteins,,,,,,,,
6858,Androctonus australis (Sahara scorpion),,,All-proteins,,,,,,,,
6859,Androctonus mauritanicus,,,All-proteins,,,,,,,,
6868,Buthus occitanus (common European scorpion),,,All-proteins,,,,,,,,
6876,Centruroides limpidus (Mexican scorpion),,,All-proteins,,,,,,,,
6878,Centruroides noxius (Mexican scorpion),,,All-proteins,,,,,,,,
6880,Centruroides suffusus (Mexican scorpion),,,All-proteins,,,,,,,,
6883,Leiurus quinquestriatus (yellow scorpion),,,All-proteins,,,,,,,,
6887,Tityus serrulatus (Brazilian scorpion),,,All-proteins,,,,,,,,
6925,Latrodectus tredecimguttatus (black widow spider),,,All-proteins,,,,,,,,
6938,Ornithodoros moubata,,,All-proteins,,,,,,,,
6941,Rhipicephalus microplus (cattle tick),,,All-proteins,,,,,,,,
6945,Ixodes scapularis (blacklegged tick),UP000001555,,Representative,,,,,,,,
6954,Dermatophagoides farinae (American house dust mite),UP000790347,,Other,,,,,,,,
6956,Dermatophagoides pteronyssinus (European house dust mite),UP000515146,,Representative,,,,,,,,
6958,Euroglyphus maynei,UP000194236,,Representative,,,,,,,,
6973,Blattella germanica (German cockroach),UP000245037,,Representative,,,,,,,,
6978,Periplaneta americana (American cockroach),,,All-proteins,,,,,,,,
7004,Locusta migratoria (migratory locust),,,All-proteins,,,,,,,,
7091,Bombyx mori (silk moth),UP000005204,,Representative,,,,,,,,
7108,Spodoptera frugiperda (fall armyworm),UP000801118,,Other,,,,,,,,
7130,Manduca sexta (hornblower),UP000791440,,Other,,,,,,,,
7137,Galleria mellonella (greater wax moth),UP000504614,,Representative,,,,,,,,
7154,Chironomus thummi (midge),,,All-proteins,,,,,,,,
7160,Aedes albopictus (forest day mosquito),UP000249989,,Representative,,,,,,,,
7165,Anopheles gambiae (African malaria mosquito),UP000007062,,Representative,,,,,,,,
7227,Drosophila melanogaster (fruit fly),UP000000803,,Representative,,,,,,,,
7234,Drosophila persimilis,UP000008744,,Representative,,,,,,,,
7237,Drosophila pseudoobscura,UP000001819,,Representative,,,,,,,,
7244,Drosophila virilis,UP000008792,,Representative,,,,,,,,
7386,Sarcophaga peregrina,,,All-proteins,,,,,,,,
7394,Glossina morsitans (tsetse fly),UP000092444,,Other,,,,,,,,
7441,Dolichovespula maculata (white-face hornet),,,All-proteins,,,,,,,,
7444,Vespa basalis,,,All-proteins,,,,,,,,
7452,Vespula lewisii,,,All-proteins,,,,,,,,
7453,Vespula maculifrons (eastern yellowjacket),,,All-proteins,,,,,,,,
7454,Vespula vulgaris,UP000614350,,Representative,,,,,,,,
7460,Apis mellifera (honeybee),UP000005203,,Representative,,,,,,,,
7515,Ctenocephalides felis (cat flea),,,All-proteins,,,,,,,,
7726,Styela plicata,,,All-proteins,,,,,,,,
7757,Petromyzon marinus (marine lamprey),UP000245300,,Representative,,,,,,,,
7787,Tetronarce californica (Pacific electric ray),,,All-proteins,,,,,,,,
7788,Torpedo marmorata (spotted torpedo),,,All-proteins,,,,,,,,
7792,Heterodontus francisci (horn shark),,,All-proteins,,,,,,,,
7797,Squalus acanthias (spiny dogfish),,,All-proteins,,,,,,,,
7801,Ginglymostoma cirratum (nurse shark),,,All-proteins,,,,,,,,
7902,Acipenser gueldenstaedtii (Caspian sturgeon),,,All-proteins,,,,,,,,
7955,Danio rerio (leopard danio),UP000000437,,Representative,,,,,,,,
7957,Carassius auratus (goldfish),UP000515129,,Representative,,,,,,,,
7962,Cyprinus carpio (koi),UP000694384,,Representative,,,,,,,,
8005,Electrophorus electricus (electric knifefish),UP000314983,,Representative,,,,,,,,
8018,Oncorhynchus keta (chum salmon),,,All-proteins,,,,,,,,
8022,Oncorhynchus mykiss (rainbow trout),UP000193380,,Representative,,,,,,,,
8030,Salmo salar (Atlantic salmon),UP000087266,,Representative,,,,,,,,
8049,Gadus morhua (Atlantic cod),UP000694546,,Representative,,,,,,,,
8090,Oryzias latipes (medaka),UP000001038,,Representative,,,,,,,,
8255,Paralichthys olivaceus (false halibut),,,All-proteins,,,,,,,,
8355,Xenopus laevis (common platanna),UP000186698,,Representative,,,,,,,,
8364,Xenopus tropicalis (western clawed frog),UP000008143,,Representative,,,,,,,,
8400,Rana catesbeiana (bullfrog),UP000228934,,Representative,,,,,,,,
8613,Bungarus fasciatus (banded krait),,,All-proteins,,,,,,,,
8616,Bungarus multicinctus (many-banded krait),,,All-proteins,,,,,,,,
8623,Dendroaspis jamesoni,,,All-proteins,,,,,,,,
8628,Laticauda colubrina (yellow-lipped sea krait),,,All-proteins,,,,,,,,
8631,Laticauda semifasciata (broad-banded blue sea snake),,,All-proteins,,,,,,,,
8644,Naja mossambica (Mozambique cobra),,,All-proteins,,,,,,,,
8654,Naja nigricollis (black-necked spitting cobra),,,All-proteins,,,,,,,,
8655,Naja nivea (cape cobra),,,All-proteins,,,,,,,,
8656,Naja atra (Taiwan cobra),,,All-proteins,,,,,,,,
8657,Naja oxiana (Oxus cobra),,,All-proteins,,,,,,,,
8658,Naja pallida (red spitting cobra),,,All-proteins,,,,,,,,
8663,Notechis scutatus (common tiger snake),UP000504612,,Representative,,,,,,,,
8668,Oxyuranus scutellatus,,,All-proteins,,,,,,,,
8671,Pseudechis porphyriacus (red-bellied black snake),,,All-proteins,,,,,,,,
8678,Aipysurus laevis (olive-brown sea snake),,,All-proteins,,,,,,,,
8693,Bitis caudalis (horned adder),,,All-proteins,,,,,,,,
8704,Vipera ammodytes (sand viper),,,All-proteins,,,,,,,,
8706,Vipera aspis (aspic viper),,,All-proteins,,,,,,,,
8722,Bothrops asper (terciopelo),,,All-proteins,,,,,,,,
8725,Bothrops atrox (common lancehead),,,All-proteins,,,,,,,,
8726,Bothrops jararacussu (jararacussu),,,All-proteins,,,,,,,,
8731,Crotalus durissus (cascabel),,,All-proteins,,,,,,,,
8752,Lachesis muta (bushmaster),,,All-proteins,,,,,,,,
8790,Dromaius novaehollandiae (emu),UP000543287,,Representative,,,,,,,,
8839,Anas platyrhynchos (duck),UP000016666,,Representative,,,,,,,,
8845,Anser cygnoides (white Chinese goose),UP000694521,,Representative,,,,,,,,
8855,Cairina moschata (musky duck),UP000694556,,Representative,,,,,,,,
8932,Columba livia (rock dove),UP000053872,,Representative,,,,,,,,
8996,Numida meleagris (helmeted guineafowl),UP000243875,,Other,,,,,,,,
9014,Colinus virginianus (common bobwhite),UP000198419,,Representative,,,,,,,,
9031,Gallus gallus (chicken),UP000000539,,Representative,,,,,,,,
9054,Phasianus colchicus (common pheasant),UP000472261,,Representative,,,,,,,,
9085,Catreus wallichii (cheer pheasant),,,All-proteins,,,,,,,,
9091,Coturnix coturnix (common quail),,,All-proteins,,,,,,,,
9103,Meleagris gallopavo (common turkey),UP000001645,,Representative,,,,,,,,
9135,Serinus canaria (canary),UP000694409,,Representative,,,,,,,,
9244,Calypte anna (Anna's hummingbird),UP000054308,,Representative,,,,,,,,
9258,Ornithorhynchus anatinus (duckbill platypus),UP000002279,,Representative,,,,,,,,
9315,Macropus eugenii (tammar wallaby),,,All-proteins,,,,,,,,
9337,Trichosurus vulpecula (common brush-tailed possum),,,All-proteins,,,,,,,,
9483,Callithrix jacchus (white ear-tufted marmoset),UP000008225,,Representative,,,,,,,,
9485,Callithrix sp.,,,All-proteins,,,,,,,,
9509,Ateles geoffroyi (Central American spider monkey),,,All-proteins,,,,,,,,
9521,Saimiri sciureus (South American squirrel monkey),,,All-proteins,,,,,,,,
9534,Chlorocebus aethiops (African green monkeys),,,All-proteins,,,,,,,,
9538,Erythrocebus patas (hussar),,,All-proteins,,,,,,,,
9540,Macaca arctoides (bear macaque),,,All-proteins,,,,,,,,
9541,Macaca fascicularis (cynomolgus monkey),UP000233100,,Representative,,,,,,,,
9542,Macaca fuscata (Japanese monkey),,,All-proteins,,,,,,,,
9544,Macaca mulatta (rhesus macaques),UP000006718,,Representative,,,,,,,,
9548,Macaca radiata (bonnet macaque),,,All-proteins,,,,,,,,
9555,Papio anubis (Kenya baboon),UP000028761,,Representative,,,,,,,,
9556,Papio cynocephalus (baboon),,,All-proteins,,,,,,,,
9580,Hylobates lar (white-handed gibbon),,,All-proteins,,,,,,,,
9589,Hylobates pileatus (pileated gibbon),,,All-proteins,,,,,,,,
9593,Gorilla gorilla,UP000001519,,Reference,,,,,,,,
9597,Pan paniscus (bonobo),UP000240080,,Reference,,,,,,,,
9598,Pan troglodytes (chimpanzee),UP000002277,,Representative,,,,,,,,
9600,Pongo pygmaeus (Bornean orangutan),,,All-proteins,,,,,,,,
9601,Pongo abelii (Sumatran orangutan),UP000001595,,Representative,,,,,,,,
9606,Homo sapiens (human),UP000005640,,Representative,,,,,,,,
9612,Canis lupus (wolf or dog),UP000002254,,Representative,,,,,,,,
9627,Vulpes vulpes (silver fox),UP000286640,,Representative,,,,,,,,
9668,Mustela putorius (European polecat),UP000000715,,Representative,,,,,,,,
9685,Felis catus (cat),UP000011712,,Representative,,,,,,,,
9704,Zalophus californianus (California sealion),UP000515165,,Other,,,,,,,,
9725,Inia geoffrensis (pink river dolphin),,,All-proteins,,,,,,,,
9733,Orcinus orca (Orca),UP000242909,,Other,,,,,,,,
9755,Physeter catodon (sperm whale),UP000248484,,Representative,,,,,,,,
9768,Balaenoptera borealis (sei whale),,,All-proteins,,,,,,,,
9770,Balaenoptera physalus (common rorqual),UP000437017,,Representative,,,,,,,,
9778,Trichechus manatus (West Indian manatee),UP000248480,,Representative,,,,,,,,
9796,Equus caballus (equine),UP000002281,,Representative,,,,,,,,
9798,Equus przewalskii (Przewalski horse),,,All-proteins,,,,,,,,
9823,Sus scrofa (pig),UP000008227,,Representative,,,,,,,,
9838,Camelus dromedarius (one-humped camel),UP000299084,,Representative,,,,,,,,
9844,Lama glama (llama),,,All-proteins,,,,,,,,
9860,Cervus elaphus (red deer),UP000242450,,Representative,,,,,,,,
9872,Odocoileus hemionus (mule deer),,,All-proteins,,,,,,,,
9874,Odocoileus virginianus (white-tailed deer),UP000504613,,Representative,,,,,,,,
9913,Bos taurus (domestic cow),UP000009136,,Representative,,,,,,,,
9915,Bos indicus (zebu cattle),UP000515132,,Representative,,,,,,,,
9925,Capra hircus (goats),UP000291000,,Representative,,,,,,,,
9940,Ovis aries (wild sheep),UP000002356,,Representative,,,,,,,,
9978,Ochotona princeps (southern American pika),UP000790362,,Other,,,,,,,,
9986,Oryctolagus cuniculus (rabbit),UP000001811,,Representative,,,,,,,,
10009,Tamiasciurus hudsonicus (red squirrel),,,All-proteins,,,,,,,,
10029,Cricetulus griseus (Chinese hamsters),UP000001075,,Representative,,,,,,,,
10032,Cricetulus migratorius (grey hamster),,,All-proteins,,,,,,,,
10036,Mesocricetus auratus (Syrian golden hamster),UP000189706,,Representative,,,,,,,,
10090,Mus musculus (mouse),UP000000589,,Representative,,,,,,,,
10095,Mus sp. (mice),,,All-proteins,,,,,,,,
10116,Rattus norvegicus (rat),UP000002494,,Representative,,,,,,,,
10117,Rattus rattus (house rat),,,All-proteins,,,,,,,,
10118,Rattus sp. (rats),,,All-proteins,,,,,,,,
10141,Cavia porcellus (guinea pig),UP000005447,,Representative,,,,,,,,
10185,Castor fiber (Eurasian beaver),,,All-proteins,,,,,,,,
10243,Cowpox virus,UP000279063,,Other,,,,,,,,
10244,Monkeypox virus,UP000516359,,Reference,,,,,,,,
10245,Vaccinia virus,UP000008269,,Representative,,,,,,,,
10255,Variola virus (smallpox virus),UP000002060,,Representative,,,,,,,,
10261,Fowlpox virus,UP000008597,,Representative,,,,,,,,
10273,Myxoma virus,UP000000867,,Representative,,,,,,,,
10276,Swinepox virus,UP000000871,,Representative,,,,,,,,
10298,Human herpesvirus 1 (Herpes simplex virus type 1),UP000106517,,Representative,,,,,,,,
10310,Human herpesvirus 2,UP000001874,,Representative,,,,,,,,
10317,Cercopithecine herpesvirus 2 (SA8),UP000137988,,Other,,,,,,,,
10320,Bovine herpesvirus 1,UP000144590,,Representative,,,,,,,,
10325,Macacine herpesvirus 1 (monkey B virus),UP000110594,,Representative,,,,,,,,
10326,Equid herpesvirus 1 (Equine herpesvirus 1),UP000001189,,Representative,,,,,,,,
10331,Equid herpesvirus 4 (Equine herpesvirus 4),UP000009245,,Other,,,,,,,,
10335,Human herpesvirus 3 (Varicella-zoster virus),UP000002602,,Representative,,,,,,,,
10345,Suid herpesvirus 1 (Pseudorabies virus),UP000165522,,Representative,,,,,,,,
10359,Human herpesvirus 5 (Human cytomegalovirus),UP000000938,,Reference,,,,,,,,
10366,Murid herpesvirus 1 (Murine cytomegalovirus),UP000122533,,Representative,,,,,,,,
10368,Human herpesvirus 6,,,All-proteins,,,,,,,,
10372,Human herpesvirus 7,UP000009246,,Representative,,,,,,,,
10373,Macaca mulatta cytomegalovirus,,,All-proteins,,,,,,,,
10376,Human herpesvirus 4 (Epstein Barr virus),UP000153037,,Representative,,,,,,,,
10381,Saimiriine herpesvirus 2 (Herpesvirus saimiri),UP000000587,,Representative,,,,,,,,
10406,Ground squirrel hepatitis virus,UP000009156,,Representative,,,,,,,,
10407,Hepatitis B virus,UP000007930,,Representative,,,,,,,,
10479,Thermoproteus tenax virus 1,UP000009250,,Representative,,,,,,,,
10497,African swine fever virus,UP000594088,,Representative,,,,,,,,
10561,Xipapillomavirus 1,UP000185274,,Representative,,,,,,,,
10566,Human papillomavirus,UP000174799,,Other,,,,,,,,
10571,Bovine papillomavirus,UP000201557,,Representative,,,,,,,,
10623,Kappapapillomavirus 2,UP000170994,,Representative,,,,,,,,
10658,Enterobacteria phage PRD1,UP000002143,,Representative,,,,,,,,
10703,Corynephage beta,,,All-proteins,,,,,,,,
10710,Enterobacteria phage lambda,UP000001711,,Representative,,,,,,,,
10714,Corynephage omega,,,All-proteins,,,,,,,,
10754,Enterobacteria phage P22,UP000225870,,Representative,,,,,,,,
10760,Enterobacteria phage T7,UP000000840,,Representative,,,,,,,,
10864,Enterobacteria phage fd,,,All-proteins,,,,,,,,
10870,Enterobacteria phage M13,,,All-proteins,,,,,,,,
10879,Pseudomonas phage phi6,UP000002610,,Representative,,,,,,,,
10891,Reovirus sp.,,,All-proteins,,,,,,,,
10995,Infectious bursal disease virus (Gumboro virus),UP000007429,,Representative,,,,,,,,
11002,Infectious pancreatic necrosis virus,UP000007213,,Representative,,,,,,,,
11021,Eastern equine encephalitis virus,UP000104280,,Other,,,,,,,,
11029,Ross River virus,UP000006579,,Other,,,,,,,,
11033,Semliki Forest virus,UP000000570,,Reference,,,,,,,,
11034,Sindbis virus,UP000006710,,Reference,,,,,,,,
11036,Venezuelan equine encephalitis virus,UP000127220,,Other,,,,,,,,
11039,Western equine encephalitis virus,UP000007630,,Other,,,,,,,,
11041,Rubella virus,UP000007143,,Representative,,,,,,,,
11047,Equine arteritis virus,UP000000353,,Representative,,,,,,,,
11048,Lactate dehydrogenase-elevating virus,UP000171571,,Representative,,,,,,,,
11072,Japanese encephalitis virus,UP000007214,,Other,,,,,,,,
11079,Murray Valley encephalitis virus,UP000008863,,Other,,,,,,,,
11080,St. Louis encephalitis virus,UP000096039,,Other,,,,,,,,
11082,West Nile virus,UP000008379,,Other,,,,,,,,
11083,Powassan virus,UP000006848,,Other,,,,,,,,
11084,Tick-borne encephalitis virus,UP000007400,,Other,,,,,,,,
11085,Langat virus,UP000007766,,Other,,,,,,,,
11086,Louping ill virus,UP000007644,,Other,,,,,,,,
11089,Yellow fever virus,UP000000360,,Reference,,,,,,,,
11096,Classical swine fever virus,UP000095960,,Other,,,,,,,,
11099,Bovine viral diarrhea virus 1,UP000097372,,Other,,,,,,,,
11103,Hepatitis C virus,UP000000518,,Reference,,,,,,,,
11137,Human coronavirus 229E,UP000006716,,Representative,,,,,,,,
11161,Mumps virus,,,All-proteins,,,,,,,,
11176,Newcastle disease virus,,,All-proteins,,,,,,,,
11191,Sendai virus,UP000006560,,Representative,,,,,,,,
11207,Parainfluenza virus 5,,,All-proteins,,,,,,,,
11212,Human parainfluenza virus 2,,,All-proteins,,,,,,,,
11215,Bovine parainfluenza virus 3,UP000138683,,Representative,,,,,,,,
11216,Human parainfluenza virus 3,UP000172444,,Representative,,,,,,,,
11232,Canine distemper virus,UP000007634,,Representative,,,,,,,,
11234,Measles virus,UP000008699,,Representative,,,,,,,,
11240,Phocine distemper virus,UP000159978,,Other,,,,,,,,
11241,Rinderpest virus,UP000107782,,Representative,,,,,,,,
11246,Bovine respiratory syncytial virus,UP000007616,,Representative,,,,,,,,
11250,Human respiratory syncytial virus,UP000181262,,Representative,,,,,,,,
11263,Murine pneumonia virus,UP000133604,,Representative,,,,,,,,
11269,Marburg marburgvirus,UP000180448,,Representative,,,,,,,,
11276,Vesicular stomatitis virus,UP000147073,,Other,,,,,,,,
11277,Vesicular stomatitis Indiana virus,UP000002327,,Representative,,,,,,,,
11287,Viral hemorrhagic septicemia virus,UP000135814,,Representative,,,,,,,,
11290,Infectious hematopoietic necrosis virus,UP000007211,,Representative,,,,,,,,
11292,Rabies virus,UP000174835,,Representative,,,,,,,,
11303,Bovine ephemeral fever virus,UP000008588,,Representative,,,,,,,,
11307,Sonchus yellow net virus,UP000002326,,Representative,,,,,,,,
11309,unidentified influenza virus,,,All-proteins,,,,,,,,
11318,Dhori virus,UP000181622,,Other,,,,,,,,
11320,Influenza A virus,UP000115522,,Representative,,,,,,,,
11520,Influenza B virus,UP000150109,,Representative,,,,,,,,
11552,Influenza C virus,UP000138885,,Representative,,,,,,,,
11588,Rift Valley fever virus,UP000136639,,Representative,,,,,,,,
11593,Crimean-Congo hemorrhagic fever virus,,,All-proteins,,,,,,,,
11599,Hantaan virus,,,All-proteins,,,,,,,,
11603,Prospect Hill virus,,,All-proteins,,,,,,,,
11604,Puumala virus,,,All-proteins,,,,,,,,
11608,Seoul virus,,,All-proteins,,,,,,,,
11619,Junin mammarenavirus,,,All-proteins,,,,,,,,
11620,Lassa mammarenavirus,UP000002473,,Representative,,,,,,,,
11623,Lymphocytic choriomeningitis mammarenavirus,UP000002474,,Representative,,,,,,,,
11628,Machupo mammarenavirus,UP000118009,,Other,,,,,,,,
11629,Mopeia mammarenavirus,UP000119238,,Other,,,,,,,,
11630,Pichinde mammarenavirus,,,All-proteins,,,,,,,,
11631,Tacaribe mammarenavirus,UP000008026,,Reference,,,,,,,,
11636,Reticuloendotheliosis virus,UP000098146,,Other,,,,,,,,
11660,Caprine arthritis encephalitis virus,UP000203242,,Representative,,,,,,,,
11665,Equine infectious anemia virus,UP000830805,,Other,,,,,,,,
11673,Feline immunodeficiency virus,UP000242267,,Representative,,,,,,,,
11676,Human immunodeficiency virus 1,UP000002241,,Representative,,,,,,,,
11709,Human immunodeficiency virus 2,UP000007423,,Representative,,,,,,,,
11723,Simian immunodeficiency virus,UP000007221,,Representative,,,,,,,,
11741,Visna/maedi virus,,,All-proteins,,,,,,,,
11757,Mouse mammary tumor virus,UP000006540,,Reference,,,,,,,,
11768,Feline leukemia virus,UP000118006,,Other,,,,,,,,
11780,Snyder-Theilen feline sarcoma virus,UP000815315,,Other,,,,,,,,
11786,Murine leukemia virus,UP000006625,,Reference,,,,,,,,
11809,Moloney murine sarcoma virus,UP000108184,,Other,,,,,,,,
11827,Human endogenous retrovirus,UP000147721,,Representative,,,,,,,,
11855,Mason-Pfizer monkey virus,UP000007228,,Other,,,,,,,,
11864,Avian leukosis virus,UP000149542,,Other,,,,,,,,
11866,Avian myeloblastosis virus,UP000235313,,Other,,,,,,,,
11867,Avian myelocytomatosis virus,,,All-proteins,,,,,,,,
11886,Rous sarcoma virus,UP000002238,,Reference,,,,,,,,
11901,Bovine leukemia virus,UP000202838,,Representative,,,,,,,,
11966,Aids-associated retrovirus,,,All-proteins,,,,,,,,
11976,Rabbit hemorrhagic disease virus,UP000000413,,Reference,,,,,,,,
11978,Feline calicivirus,UP000001098,,Reference,,,,,,,,
11983,Norwalk virus,UP000000826,,Reference,,,,,,,,
12040,Barley yellow dwarf virus-PAV,,,All-proteins,,,,,,,,
12064,Enterovirus E,UP000006566,,Other,,,,,,,,
12092,Hepatovirus A,UP000006724,,Reference,,,,,,,,
12110,Foot-and-mouth disease virus,UP000000682,,Reference,,,,,,,,
12145,Tomato bushy stunt virus,UP000001666,,Representative,,,,,,,,
12161,Beet yellows virus,UP000000359,,Representative,,,,,,,,
12162,Citrus tristeza virus,UP000204414,,Representative,,,,,,,,
12183,Potato virus X,UP000006841,,Representative,,,,,,,,
12205,Papaya ringspot virus,UP000006688,,Other,,,,,,,,
12211,Plum pox virus,UP000006685,,Other,,,,,,,,
12215,Potato virus A,UP000008484,,Other,,,,,,,,
12216,Potato virus Y,UP000000520,,Reference,,,,,,,,
12227,Tobacco etch virus,UP000007404,,Other,,,,,,,,
12228,Tobacco vein mottling virus,UP000007549,,Other,,,,,,,,
12232,Zucchini yellow mosaic virus,UP000008610,,Other,,,,,,,,
12238,Odontoglossum ringspot virus,UP000202780,,Other,,,,,,,,
12242,Tobacco mosaic virus,UP000000522,,Representative,,,,,,,,
12260,Bean pod mottle virus,UP000007610,,Other,,,,,,,,
12264,Cowpea mosaic virus,UP000008589,,Reference,,,,,,,,
12287,Flock house virus,UP000203899,,Other,,,,,,,,
12305,Cucumber mosaic virus (cucumber mosaic cucumovirus),UP000008454,,Representative,,,,,,,,
12321,Alfalfa mosaic virus,UP000000358,,Representative,,,,,,,,
12340,Enterobacteria phage 933J,,,All-proteins,,,,,,,,
12455,Borna disease virus,UP000007804,,Representative,,,,,,,,
12461,Hepatitis E virus,,,All-proteins,,,,,,,,
12475,Hepatitis delta virus,UP000006675,,Representative,,,,,,,,
12480,African green monkey polyomavirus,UP000173801,,Representative,,,,,,,,
12506,Dobrava-Belgrade virus,,,All-proteins,,,,,,,,
12618,Chicken anemia virus,UP000007528,,Representative,,,,,,,,
12637,Dengue virus,UP000002500,,Reference,,,,,,,,
12639,Duck hepatitis B virus,UP000181081,,Representative,,,,,,,,
12643,Ectromelia virus,UP000130118,,Other,,,,,,,,
12657,Equid herpesvirus 2 (Equine herpesvirus 2),UP000007083,,Representative,,,,,,,,
12730,Human parainfluenza virus 1,UP000096504,,Representative,,,,,,,,
12814,Respiratory syncytial virus,UP000111526,,Other,,,,,,,,
12990,Carpinus betulus (European hornbeam),,,All-proteins,,,,,,,,
13101,Juniperus ashei (Ashe juniper),,,All-proteins,,,,,,,,
13187,Parietaria officinalis,,,All-proteins,,,,,,,,
13286,Theromyzon tessulatum,,,All-proteins,,,,,,,,
13373,Burkholderia mallei,UP000003995,,Non-redundant,,,,,,,,
13415,Chamaecyparis obtusa,,,All-proteins,,,,,,,,
13451,Corylus avellana (European hazelnut),,,All-proteins,,,,,,,,
13469,Cupressus sempervirens,,,All-proteins,,,,,,,,
13557,Hapalemur griseus (bamboo lemur),,,All-proteins,,,,,,,,
13616,Monodelphis domestica (gray short-tailed opossum),UP000002280,,Representative,,,,,,,,
13618,Myrmecia pilosula (Australian jumper ant),,,All-proteins,,,,,,,,
15368,Brachypodium distachyon (purple false brome),UP000008810,,Representative,,,,,,,,
15957,Phleum pratense (timothy grass),,,All-proteins,,,,,,,,
16719,Juglans nigra (black walnut),,,All-proteins,,,,,,,,
21020,Castanea sativa (European chestnut),,,All-proteins,,,,,,,,
27505,Polistes annularis,,,All-proteins,,,,,,,,
27990,Plasmodium vivax-like sp.,,,All-proteins,,,,,,,,
28038,Lactobacillus curvatus,UP000031010,,Non-redundant,,,,,,,,
28049,Acidothermus cellulolyticus (Acidithermus cellulolyticus),UP000008221,,Representative,,,,,,,,
28080,Campylobacter upsaliensis,UP000254161,,Non-redundant,,,,,,,,
28108,Alteromonas macleodii,UP000095499,,Non-redundant,,,,,,,,
28112,Tannerella forsythia,UP000005436,,Representative,,,,,,,,
28130,Prevotella disiens,UP000003610,,Non-redundant,,,,,,,,
28131,Prevotella intermedia,UP000217431,,Non-redundant,,,,,,,,
28151,Serratia proteamaculans,UP000292051,,Non-redundant,,,,,,,,
28152,Yersinia kristensenii,UP000045824,,Non-redundant,,,,,,,,
28227,Mycoplasma penetrans,UP000002522,,Representative,,,,,,,,
28295,Porcine epidemic diarrhea virus,UP000147626,,Representative,,,,,,,,
28300,Heron hepatitis B virus,UP000008679,,Other,,,,,,,,
28327,Murine rotavirus,UP000141373,,Representative,,,,,,,,
28344,Porcine reproductive and respiratory syndrome virus,UP000115075,,Representative,,,,,,,,
28368,Corynebacterium diphtheriae phage,,,All-proteins,,,,,,,,
28375,Soil-borne wheat mosaic virus,UP000009270,,Representative,,,,,,,,
28448,Komagataeibacter xylinus,UP000019231,,Non-redundant,,,,,,,,
28450,Burkholderia pseudomallei,UP000000605,,Representative,,,,,,,,
28479,Phalaris aquatica (canary grass),,,All-proteins,,,,,,,,
28869,Ovine respiratory syncytial virus,,,All-proteins,,,,,,,,
28871,Taterapox virus,UP000139570,,Representative,,,,,,,,
28873,Camelpox virus,UP000107153,,Representative,,,,,,,,
28875,Rotavirus A,UP000001119,,Representative,,,,,,,,
28901,Salmonella enterica,UP000298196,,Representative,,,,,,,,
28903,Mycoplasma bovis,UP000233776,,Non-redundant,,,,,,,,
28909,Cynodon dactylon (Bermuda grass),,,All-proteins,,,,,,,,
29176,Neospora caninum,UP000007494,,Representative,,,,,,,,
29271,Dasheen mosaic virus,UP000203176,,Other,,,,,,,,
29292,Pyrococcus abyssi,UP000009139,,Other,,,,,,,,
29320,Paenarthrobacter nicotinovorans (Arthrobacter nicotinivorans),UP000078426,,Other,,,,,,,,
29362,[Clostridium] papyrosolvens,UP000003860,,Other,,,,,,,,
29371,[Clostridium] termitidis,UP000014155,,Representative,,,,,,,,
29388,Staphylococcus capitis,UP000291949,,Non-redundant,,,,,,,,
29438,Pseudomonas savastanoi,UP000005466,,Non-redundant,,,,,,,,
29442,Pseudomonas tolaasii,UP000776114,,Non-redundant,,,,,,,,
29447,Xanthomonas albilineans,UP000001890,,Representative,,,,,,,,
29459,Brucella melitensis,UP000005102,,Non-redundant,,,,,,,,
29461,Brucella suis (Brucella melitensis bv. Suis),UP000325361,,Representative,,,,,,,,
29484,Yersinia frederiksenii,UP000044703,,Non-redundant,,,,,,,,
29497,Vibrio splendidus,UP000005350,,Non-redundant,,,,,,,,
29507,Leptospira kirschneri,UP000012127,,Non-redundant,,,,,,,,
29518,Borreliella afzelii,UP000005216,,Non-redundant,,,,,,,,
29519,Borreliella garinii,UP000006103,,Non-redundant,,,,,,,,
29543,Pelobacter propionicus,UP000006732,,Representative,,,,,,,,
29661,Anthoxanthum odoratum,,,All-proteins,,,,,,,,
29679,Holcus lanatus (velvet grass),,,All-proteins,,,,,,,,
29715,Ambrosia psilostachya,,,All-proteins,,,,,,,,
29760,Vitis vinifera (wine grape),UP000009183,,Representative,,,,,,,,
29780,Mangifera indica (mango),UP000813799,,Other,,,,,,,,
29918,Cladosporium herbarum,,,All-proteins,,,,,,,,
29960,Fenneropenaeus indicus,,,All-proteins,,,,,,,,
30211,Vespula flavopilosa,,,All-proteins,,,,,,,,
30215,Vespula vidua,,,All-proteins,,,,,,,,
30538,Vicugna pacos (alpaca),UP000504605,,Representative,,,,,,,,
31276,Perkinsus marinus,UP000007800,,Representative,,,,,,,,
31330,Ephydatia fluviatilis,,,All-proteins,,,,,,,,
31604,Peste-des-petits-ruminants virus,UP000118493,,Representative,,,,,,,,
31721,Beet necrotic yellow vein virus,UP000001100,,Representative,,,,,,,,
32025,Helicobacter hepaticus,UP000002495,,Representative,,,,,,,,
32049,Synechococcus sp. PCC 7002,UP000001688,,Representative,,,,,,,,
32201,Carya illinoinensis (pecan),UP000809784,,Other,,,,,,,,
32278,Metapenaeus ensis,,,All-proteins,,,,,,,,
32544,Dasyuroides byrnei (kowari),,,All-proteins,,,,,,,,
32603,Human herpesvirus 6A,UP000009295,,Representative,,,,,,,,
32604,Human herpesvirus 6B,UP000006930,,Reference,,,,,,,,
32630,synthetic construct,,,All-proteins,,,,,,,,
32644,Unidentified,,,All-proteins,,,,,,,,
33060,Yersinia mollaretii,UP000230102,,Non-redundant,,,,,,,,
33127,Parietaria judaica,,,All-proteins,,,,,,,,
33178,Aspergillus terreus,UP000007963,,Representative,,,,,,,,
33706,Caviid herpesvirus 2,UP000163196,,Representative,,,,,,,,
33708,Murid herpesvirus 4 (Murine herpesvirus 68),UP000099649,,Representative,,,,,,,,
33743,Kyasanur forest disease virus,UP000097483,,Other,,,,,,,,
33894,Mycobacterium africanum,UP000066547,,Non-redundant,,,,,,,,
33934,Anoxybacillus flavithermus,UP000000742,,Representative,,,,,,,,
33940,Geobacillus thermodenitrificans,UP000194134,,Non-redundant,,,,,,,,
33990,Rickettsia bellii,UP000033689,,Non-redundant,,,,,,,,
34245,Zinnia violacea (garden zinnia),,,All-proteins,,,,,,,,
34631,Rhipicephalus appendiculatus,,,All-proteins,,,,,,,,
34632,Rhipicephalus sanguineus (brown dog tick),,,All-proteins,,,,,,,,
34862,Otospermophilus beecheyi (California ground squirrel),,,All-proteins,,,,,,,,
35241,Lactococcus phage Tuc2009,UP000001587,,Representative,,,,,,,,
35244,Bovine herpesvirus 5,UP000105204,,Other,,,,,,,,
35258,Lambdapapillomavirus 2,UP000008788,,Representative,,,,,,,,
35269,Woodchuck hepatitis virus,UP000008598,,Representative,,,,,,,,
35275,Murine endogenous retrovirus,,,All-proteins,,,,,,,,
35288,Grapevine virus A,UP000000679,,Representative,,,,,,,,
35297,Striped Jack nervous necrosis virus,UP000000414,,Reference,,,,,,,,
35305,California encephalitis virus,UP000267394,,Other,,,,,,,,
35321,El Moro Canyon virus,,,All-proteins,,,,,,,,
35345,Lactococcus phage TP901-1,UP000203132,,Representative,,,,,,,,
35670,Naja naja (Indian cobra),UP000694559,,Representative,,,,,,,,
35725,Macrophomina phaseolina,UP000007129,,Representative,,,,,,,,
35788,Rickettsia africae,UP000002305,,Other,,,,,,,,
35791,Rickettsia massiliae,UP000007999,,Other,,,,,,,,
35793,Rickettsia sibirica,UP000004455,,Other,,,,,,,,
35795,Ehrlichia muris,UP000033546,,Other,,,,,,,,
35797,Nitrococcus mobilis,UP000003374,,Representative,,,,,,,,
36427,Rotavirus C,UP000007664,,Representative,,,,,,,,
36596,Prunus armeniaca (apricot),UP000507245,,Representative,,,,,,,,
36809,Mycobacterium abscessus,UP000185014,,Representative,,,,,,,,
36855,Brucella canis (Brucella melitensis bv. Canis),UP000001385,,Non-redundant,,,,,,,,
36873,Paraburkholderia xenovorans,UP000001817,,Representative,,,,,,,,
36936,Lepidoglyphus destructor,,,All-proteins,,,,,,,,
37124,Chikungunya virus,UP000000569,,Reference,,,,,,,,
37128,Potato mop-top virus,UP000006715,,Representative,,,,,,,,
37133,Tula virus,,,All-proteins,,,,,,,,
37207,Rio Segundo virus,,,All-proteins,,,,,,,,
37296,Human herpesvirus 8,UP000155579,,Representative,,,,,,,,
37326,Nocardia brasiliensis (Nocardia brasilensis),UP000006304,,Representative,,,,,,,,
37333,Nocardia transvalensis (Nocardia transvaalensis),UP000540412,,Representative,,,,,,,,
37347,Tupaia belangeri (common tree shrew),,,All-proteins,,,,,,,,
37682,Aegilops tauschii,UP000015105,,Representative,,,,,,,,
37705,Sin Nombre virus,,,All-proteins,,,,,,,,
37962,Bayou virus,,,All-proteins,,,,,,,,
38020,marmosets,,,All-proteins,,,,,,,,
38033,Chaetomium globosum,UP000001056,,Representative,,,,,,,,
38170,Avian orthoreovirus,UP000247179,,Representative,,,,,,,,
38289,Corynebacterium jeikeium,UP000000545,,Representative,,,,,,,,
38323,Bartonella henselae,UP000503821,,Non-redundant,,,,,,,,
38767,Duvenhage virus,UP000111405,,Other,,,,,,,,
38873,Fraxinus excelsior (European ash),UP000595290,,Other,,,,,,,,
39113,Hepatitis GB virus B,,,All-proteins,,,,,,,,
39152,Methanococcus maripaludis,UP000000590,,Representative,,,,,,,,
39414,Plantago lanceolata (ribgrass),,,All-proteins,,,,,,,,
39584,Juniperus virginiana (red cedar),,,All-proteins,,,,,,,,
40050,African horse sickness virus,UP000247123,,Representative,,,,,,,,
40051,Bluetongue virus,UP000007662,,Representative,,,,,,,,
40054,Epizootic hemorrhagic disease virus,UP000125387,,Representative,,,,,,,,
40214,Acinetobacter johnsonii,UP000277537,,Non-redundant,,,,,,,,
40697,Blomia tropicalis,,,All-proteins,,,,,,,,
40834,Borrelia duttonii,UP000019148,,Representative,,,,,,,,
42068,Pneumocystis jirovecii,UP000053447,,Representative,,,,,,,,
42097,Isla Vista virus,,,All-proteins,,,,,,,,
42229,Prunus avium (gean),UP000515124,,Representative,,,,,,,,
42345,Phoenix dactylifera (date palm),UP000228380,,Representative,,,,,,,,
42358,Hantavirus Monongahela-3,,,All-proteins,,,,,,,,
42764,Oliveros mammarenavirus,UP000009264,,Other,,,,,,,,
42862,Rickettsia felis,UP000033475,,Non-redundant,,,,,,,,
42894,Khabarovsk virus,,,All-proteins,,,,,,,,
43141,Watermelon silver mottle virus,,,All-proteins,,,,,,,,
43765,Corynebacterium amycolatum,UP000594774,,Non-redundant,,,,,,,,
43767,Rhodococcus equi,UP000004245,,Representative,,,,,,,,
44001,Caldicellulosiruptor saccharolyticus,UP000000256,,Other,,,,,,,,
44026,Sepik virus,UP000112296,,Other,,,,,,,,
44088,Canarypox virus,UP000168164,,Representative,,,,,,,,
44271,Leishmania chagasi,,,All-proteins,,,,,,,,
44689,Dictyostelium discoideum,UP000002195,,Representative,,,,,,,,
44755,New York virus,,,All-proteins,,,,,,,,
45218,Amapari mammarenavirus,,,All-proteins,,,,,,,,
45219,Guanarito mammarenavirus,UP000147629,,Representative,,,,,,,,
45222,Parana mammarenavirus,,,All-proteins,,,,,,,,
45455,Macacine herpesvirus 4 (Rhesus lymphocryptovirus),UP000201521,,Representative,,,,,,,,
45617,Human endogenous retrovirus K,,,All-proteins,,,,,,,,
45709,Sabia mammarenavirus,,,All-proteins,,,,,,,,
46221,Porcine circovirus,UP000157713,,Representative,,,,,,,,
46457,Cycloclasticus oligotrophus,,,All-proteins,,,,,,,,
46607,Andes virus,,,All-proteins,,,,,,,,
46681,Entamoeba dispar,UP000008076,,Other,,,,,,,,
46771,Simian virus 12,UP000130309,,Representative,,,,,,,,
46835,Fasciola gigantica,UP000316759,,Representative,,,,,,,,
46919,Whitewater Arroyo mammarenavirus,UP000009268,,Other,,,,,,,,
46920,Rio Mamore virus,UP000125085,,Other,,,,,,,,
47000,Equine rhinitis A virus,UP000136880,,Other,,,,,,,,
47929,Macacine herpesvirus 3 (Rhesus cytomegalovirus),UP000118435,,Representative,,,,,,,,
48483,Reclinomonas americana,,,All-proteins,,,,,,,,
49011,Hesperocyparis arizonica,,,All-proteins,,,,,,,,
49318,Secale cereale x Triticum aestivum (octaploid triticale),,,All-proteins,,,,,,,,
49338,Desulfitobacterium hafniense,UP000001946,,Representative,,,,,,,,
50292,Cercopithecine herpesvirus 5,UP000113346,,Representative,,,,,,,,
50411,Dasyatis americana (southern stingray),,,All-proteins,,,,,,,,
51022,Ancylostoma duodenale,UP000054047,,Representative,,,,,,,,
51031,Necator americanus,UP000053676,,Representative,,,,,,,,
51240,Juglans regia (English walnut),UP000235220,,Representative,,,,,,,,
51313,Helicoverpa armigera nucleopolyhedrovirus,UP000202587,,Representative,,,,,,,,
53179,Porcine rubulavirus,,,All-proteins,,,,,,,,
53326,Ancylostoma ceylanicum,UP000024635,,Representative,,,,,,,,
53432,Nocardia uniformis,UP000586827,,Representative,,,,,,,,
54315,Bovine viral diarrhea virus 2 (BVDV-2),UP000095904,,Other,,,,,,,,
54390,Micrurus corallinus (painted coral snake),,,All-proteins,,,,,,,,
55097,Mobala mammarenavirus,UP000140987,,Other,,,,,,,,
55194,Malassezia furfur (Pityriasis (Tinea) versicolor infection agent),,,All-proteins,,,,,,,,
55429,Megathura crenulata,,,All-proteins,,,,,,,,
55518,Magnetospirillum gryphiswaldense,UP000018922,,Representative,,,,,,,,
55521,Rapana venosa (veined rapa whelk),,,All-proteins,,,,,,,,
55601,Vibrio anguillarum,UP000655243,,Non-redundant,,,,,,,,
55951,Grapevine leafroll-associated virus 3,UP000006707,,Representative,,,,,,,,
56636,Aeropyrum pernix,UP000002518,,Representative,,,,,,,,
57068,Acanthisitta chloris (rifleman),UP000053537,,Representative,,,,,,,,
57282,Human endogenous retrovirus H,,,All-proteins,,,,,,,,
57372,Mycoplasma suis,UP000007484,,Representative,,,,,,,,
57482,European bat lyssavirus 1,UP000008926,,Representative,,,,,,,,
57483,European bat lyssavirus 2,UP000103828,,Other,,,,,,,,
57975,Burkholderia thailandensis,UP000004682,,Non-redundant,,,,,,,,
58216,Loxosceles gaucho,,,All-proteins,,,,,,,,
58217,Loxosceles laeta,,,All-proteins,,,,,,,,
58218,Loxosceles intermedia,,,All-proteins,,,,,,,,
58866,Secale strictum,,,All-proteins,,,,,,,,
58933,Triticum spelta (spelt),,,All-proteins,,,,,,,,
59538,Pantholops hodgsonii (chiru),UP000790603,,Other,,,,,,,,
59729,Taeniopygia guttata (zebra finch),UP000007754,,Representative,,,,,,,,
59799,Angomonas deanei,UP000515908,,Representative,,,,,,,,
60135,Cano Delgadito virus,,,All-proteins,,,,,,,,
60189,Rhipicephalus decoloratus,,,All-proteins,,,,,,,,
60217,Shewanella violacea,UP000002350,,Representative,,,,,,,,
60552,Burkholderia vietnamiensis,UP000002287,,Representative,,,,,,,,
60711,Chlorocebus sabaeus (green monkey),UP000029965,,Representative,,,,,,,,
60876,Pixuna virus,UP000101231,,Other,,,,,,,,
60879,Cabassou virus,UP000115220,,Other,,,,,,,,
60893,Desulfobacca acetoxidans,UP000000483,,Representative,,,,,,,,
61172,Laguna Negra virus,,,All-proteins,,,,,,,,
61435,Dehalococcoides mccartyi,UP000008289,,Representative,,,,,,,,
61466,Gnathostoma binucleatum,,,All-proteins,,,,,,,,
62319,Halococcus saccharolyticus,UP000011669,,Representative,,,,,,,,
62322,Shewanella baltica,UP000000770,,Non-redundant,,,,,,,,
62330,Fagopyrum tataricum (Kangra buckwheat),,,All-proteins,,,,,,,,
62977,Acinetobacter sp. ADP1 (Acinetobacter baylyi str. ADP1),UP000000430,,Representative,,,,,,,,
63330,Hendra virus,UP000008771,,Representative,,,,,,,,
63363,Aquifex aeolicus,UP000000798,,Representative,,,,,,,,
63673,Turbo cornutus,,,All-proteins,,,,,,,,
64284,Saboya virus,UP000112648,,Other,,,,,,,,
64289,Carey Island virus,UP000232605,,Other,,,,,,,,
64320,Zika virus,UP000054557,,Reference,,,,,,,,
65743,Blackcurrant reversion virus,UP000007614,,Other,,,,,,,,
68887,Torque teno virus,UP000008256,,Representative,,,,,,,,
68909,Deinococcus geothermalis,UP000002431,,Representative,,,,,,,,
69008,Juniperus oxycedrus (prickly juniper),,,All-proteins,,,,,,,,
70203,Vibrio phage fs1,UP000000880,,Representative,,,,,,,,
70566,Akabane virus,UP000157164,,Representative,,,,,,,,
71238,Pseudomonas sp. G-179,,,All-proteins,,,,,,,,
71647,Pinus pinaster (cluster pine),,,All-proteins,,,,,,,,
72539,Physalis mottle virus,UP000204435,,Other,,,,,,,,
72556,Achromobacter piechaudii,UP000004510,,Representative,,,,,,,,
74138,Pseudomonas sp. DJ-12,,,All-proteins,,,,,,,,
74569,Pseudomonas sp. M114,,,All-proteins,,,,,,,,
74722,Stachybotrys chartarum,UP000028045,,Non-redundant,,,,,,,,
74724,Canine calicivirus,,,All-proteins,,,,,,,,
75922,Mycobacterium tusciae,UP000192411,,Other,,,,,,,,
75985,Mannheimia haemolytica,UP000271188,,Representative,,,,,,,,
76777,Malassezia sympodialis,UP000186303,,Representative,,,,,,,,
76832,Myroides odoratimimus,UP000254940,,Non-redundant,,,,,,,,
79880,Bacillus clausii,UP000001168,,Representative,,,,,,,,
80849,Wolbachia endosymbiont of Brugia malayi,UP000000534,,Non-redundant,,,,,,,,
80859,Streptomyces ribosidificus,,,All-proteins,,,,,,,,
80956,Pomacentrus moluccensis (lemon damsel),,,All-proteins,,,,,,,,
81032,Hyphomonas neptunium,UP000001959,,Representative,,,,,,,,
81475,Frateuria aurantia,UP000005234,,Representative,,,,,,,,
82508,Trichosporon asahii,UP000006757,,Representative,,,,,,,,
83192,Topografov virus,,,All-proteins,,,,,,,,
83455,Myxococcus stipitatus,UP000011131,,Other,,,,,,,,
83554,Chlamydia psittaci <Chlamydophila psittaci>,UP000014827,,Representative,,,,,,,,
83555,Chlamydia abortus,UP000246061,,Non-redundant,,,,,,,,
83558,Chlamydia pneumoniae,UP000000583,,Non-redundant,,,,,,,,
83560,Chlamydia muridarum (agent of mouse pneumonitis),UP000000800,,Non-redundant,,,,,,,,
83810,Thosea asigna virus,,,All-proteins,,,,,,,,
85552,Scylla paramamosain (green mud crab),,,All-proteins,,,,,,,,
85708,Porcine circovirus 2,UP000156789,,Representative,,,,,,,,
86600,Discosoma sp.,,,All-proteins,,,,,,,,
86662,Bacillus weihenstephanensis,,,All-proteins,,,,,,,,
86782,Amur virus,UP000114071,,Other,,,,,,,,
87786,Human endogenous retrovirus W,,,All-proteins,,,,,,,,
87883,Burkholderia multivorans,UP000008815,,Representative,,,,,,,,
88036,Selaginella moellendorffii,UP000001514,,Representative,,,,,,,,
88086,Protobothrops elegans (sakishima habu),,,All-proteins,,,,,,,,
88087,Protobothrops flavoviridis (habu),,,All-proteins,,,,,,,,
89462,Bubalus bubalis (domestic water buffalo),UP000791956,,Other,,,,,,,,
89586,Candidatus Neoehrlichia mikurensis,UP000693963,,Other,,,,,,,,
90961,Australian bat lyssavirus,UP000006934,,Reference,,,,,,,,
91465,Pseudomonas sp. MIS38,,,All-proteins,,,,,,,,
93621,Heteropneustes fossilis (stinging catfish),,,All-proteins,,,,,,,,
93678,TTV-like mini virus,UP000138259,,Other,,,,,,,,
93934,Coturnix japonica (Japanese quail),UP000694412,,Representative,,,,,,,,
94827,Tinamus guttatus (white-throated tinamou),UP000053641,,Representative,,,,,,,,
95342,Sapporo virus,UP000007049,,Reference,,,,,,,,
95486,Burkholderia cenocepacia,UP000681928,,Non-redundant,,,,,,,,
95648,Bothrops neuwiedi (Jararaca pintada),,,All-proteins,,,,,,,,
96794,Naja annulifera (banded Egyptian cobra),,,All-proteins,,,,,,,,
97097,Phaethon lepturus (white-tailed tropicbird),UP000053638,,Representative,,,,,,,,
97477,Anaerobaculum mobile,UP000006061,,Representative,,,,,,,,
99000,Tanapox virus,UP000136581,,Representative,,,,,,,,
99586,Echis ocellatus,,,All-proteins,,,,,,,,
99883,Tetraodon nigroviridis (spotted green pufferfish),UP000007303,,Representative,,,,,,,,
103448,Pleistophora sp. LS,,,All-proteins,,,,,,,,
104102,Acetobacter tropicalis,UP000029448,,Non-redundant,,,,,,,,
104388,Anatid herpesvirus 1,UP000135812,,Representative,,,,,,,,
105560,Methylibium petroleiphilum,UP000000366,,Representative,,,,,,,,
105751,Aeromonas bestiarum,UP000237293,,Other,,,,,,,,
106516,Human norovirus - Alphatron,,,All-proteins,,,,,,,,
106590,Cupriavidus necator,UP000008210,,Representative,,,,,,,,
108098,Human mastadenovirus B,UP000166099,,Representative,,,,,,,,
110321,Sinorhizobium medicae,UP000507954,,Non-redundant,,,,,,,,
110539,Mycobacterium vanbaalenii,UP000430146,,Representative,,,,,,,,
114742,Pythium insidiosum,UP000054177,,Other,,,,,,,,
117207,Sphingopyxis alaskensis (Sphingomonas alaska),UP000006578,,Representative,,,,,,,,
119219,Cupriavidus metallidurans,UP000002429,,Representative,,,,,,,,
120505,Baboon cytomegalovirus,,,All-proteins,,,,,,,,
121723,Photobacterium sp. SKA34,UP000005284,,Other,,,,,,,,
121759,Paracoccidioides brasiliensis,UP000001628,,Representative,,,,,,,,
121791,Nipah virus,UP000170143,,Representative,,,,,,,,
122291,Kappapapillomavirus 1,UP000101963,,Representative,,,,,,,,
122355,Pseudomonas psychrophila,UP000658390,,Non-redundant,,,,,,,,
127586,Filamentous phage display vector f88-4,,,All-proteins,,,,,,,,
129052,Catelliglobosispora koreensis (Catellatispora koreensis),,,All-proteins,,,,,,,,
129875,Human mastadenovirus A,UP000004993,,Representative,,,,,,,,
129951,Human mastadenovirus C,UP000008167,,Representative,,,,,,,,
129956,Murine mastadenovirus A,,,All-proteins,,,,,,,,
130308,Human mastadenovirus E,UP000121695,,Representative,,,,,,,,
130309,Human mastadenovirus F,UP000151954,,Representative,,,,,,,,
130310,Human mastadenovirus D,UP000318854,,Representative,,,,,,,,
131568,Kineococcus radiotolerans,UP000001116,,Representative,,,,,,,,
133704,Porcine circovirus 1,UP000180335,,Reference,,,,,,,,
134537,Paraburkholderia fungorum,UP000542901,,Non-redundant,,,,,,,,
136966,SEN virus (SEN-V),,,All-proteins,,,,,,,,
137544,Concholepas concholepas (barnacle rock-shell),,,All-proteins,,,,,,,,
138336,Blastococcus saxobsidens,UP000007517,,Representative,,,,,,,,
138948,Enterovirus A,UP000007709,,Other,,,,,,,,
138949,Enterovirus B,UP000007760,,Other,,,,,,,,
138950,Enterovirus C,UP000000356,,Reference,,,,,,,,
139445,Limestone Canyon virus,,,All-proteins,,,,,,,,
141904,Vibrio phage CTX,UP000202246,,Representative,,,,,,,,
145262,Methanothermobacter thermautotrophicus,UP000005223,,Representative,,,,,,,,
146500,Watermelon mosaic virus,UP000201658,,Other,,,,,,,,
147272,Paspalum notatum (Bahia grass),,,All-proteins,,,,,,,,
147711,Rhinovirus A,UP000007070,,Reference,,,,,,,,
147712,Rhinovirus B,UP000007679,,Other,,,,,,,,
150340,Vibrio antiquarius,UP000184767,,Non-redundant,,,,,,,,
150396,Pseudomonas sp. MT-1,UP000031648,,Other,,,,,,,,
151250,Kali turgidum (common saltwort),,,All-proteins,,,,,,,,
152219,Menangle virus,UP000144543,,Other,,,,,,,,
152480,Burkholderia ambifaria,UP000004814,,Non-redundant,,,,,,,,
152794,Corynebacterium efficiens,UP000001409,,Representative,,,,,,,,
154334,Macacine herpesvirus 5 (Rhesus rhadinovirus),UP000162467,,Other,,,,,,,,
156586,Flavobacteria bacterium BBFL7,UP000002172,,Representative,,,,,,,,
157673,[Mannheimia] succiniciproducens,UP000000607,,Other,,,,,,,,
157914,Ziziphus mauritiana (Indian-plum),,,All-proteins,,,,,,,,
158899,Collimonas fungivorans,UP000008392,,Representative,,,,,,,,
159091,Pseudomonas sp. KIE171,,,All-proteins,,,,,,,,
159141,Sathuperi virus,UP000202175,,Other,,,,,,,,
159150,Shamonda virus,UP000203298,,Other,,,,,,,,
159479,Saaremaa virus,,,All-proteins,,,,,,,,
161600,Yellow grouper nervous necrosis virus,,,All-proteins,,,,,,,,
162013,Tioman virus,UP000118722,,Reference,,,,,,,,
162145,Human metapneumovirus,UP000001398,,Representative,,,,,,,,
163164,Wolbachia endosymbiont of Drosophila melanogaster,UP000008215,,Non-redundant,,,,,,,,
164608,Sphingomonas sp. KA1,UP000662740,,Other,,,,,,,,
164756,Mycobacterium sp. MCS,,,All-proteins,,,,,,,,
164757,Mycobacterium sp. JLS,,,All-proteins,,,,,,,,
168098,Orectolobus maculatus (spotted wobbegong),,,All-proteins,,,,,,,,
169066,Human rhinovirus sp.,,,All-proteins,,,,,,,,
169173,Choclo virus,UP000243631,,Other,,,,,,,,
169174,Calabazo virus,,,All-proteins,,,,,,,,
170325,Canid herpesvirus 1,UP000130192,,Representative,,,,,,,,
170824,Rhinobatos productus (shovelnose guitarfish),,,All-proteins,,,,,,,,
171929,Anacardium occidentale (maranon),,,All-proteins,,,,,,,,
172851,Avian hepatitis E virus,,,All-proteins,,,,,,,,
180498,Jatropha curcas,UP000027138,,Representative,,,,,,,,
184976,Filamentous phage display vector f8-5,,,All-proteins,,,,,,,,
185782,Aquareovirus C,UP000006713,,Representative,,,,,,,,
186538,Zaire ebolavirus,UP000007209,,Representative,,,,,,,,
186539,Reston ebolavirus,UP000007207,,Other,,,,,,,,
186540,Sudan ebolavirus,UP000000277,,Representative,,,,,,,,
186541,Tai Forest ebolavirus,UP000100390,,Other,,,,,,,,
188763,Panine herpesvirus 2 (Chimpanzee cytomegalovirus),UP000099188,,Representative,,,,,,,,
189918,Mycobacterium sp. KMS,,,All-proteins,,,,,,,,
190898,Desulfotignum phosphitoxidans,UP000014216,,Representative,,,,,,,,
194422,Minireovirus,,,All-proteins,,,,,,,,
194440,Primate T-lymphotropic virus 1,UP000007683,,Representative,,,,,,,,
194441,Primate T-lymphotropic virus 2,UP000009254,,Representative,,,,,,,,
195054,Human parechovirus,,,All-proteins,,,,,,,,
195316,Narcine timlei (blackspotted numbfish),,,All-proteins,,,,,,,,
196403,Baboon endogenous virus,UP000007443,,Other,,,,,,,,
199306,Coccidioides posadasii,UP000002497,,Representative,,,,,,,,
203192,Pseudomonas chloritidismutans,UP000017822,,Other,,,,,,,,
205075,Candidatus Rickettsia tarasevichiae,,,All-proteins,,,,,,,,
205488,Ebola virus sp.,,,All-proteins,,,,,,,,
208899,Cupixi mammarenavirus,UP000008164,,Other,,,,,,,,
209285,Chaetomium thermophilum,UP000008066,,Representative,,,,,,,,
211977,Aravan virus,UP000007445,,Other,,,,,,,,
212663,Vibrio tasmaniensis,UP000319292,,Non-redundant,,,,,,,,
216465,Polaromonas naphthalenivorans,UP000000644,,Representative,,,,,,,,
216816,Bifidobacterium longum,UP000000439,,Representative,,,,,,,,
217686,Little cherry virus 1,UP000207657,,Representative,,,,,,,,
219595,Cygnus cygnus (common whooper),,,All-proteins,,,,,,,,
220837,Cryptosporidium sp. MNJ-1,,,All-proteins,,,,,,,,
222994,Thinopyrum ponticum x Triticum aestivum,,,All-proteins,,,,,,,,
223337,Tobacco leaf curl Zimbabwe virus,UP000204184,,Other,,,,,,,,
226899,Grosmannia clavigera,UP000007796,,Representative,,,,,,,,
231455,Dyella japonica,UP000027987,,Other,,,,,,,,
237609,Pseudomonas alkylphenolia,UP000288983,,Other,,,,,,,,
237716,Khujand virus,UP000136780,,Other,,,,,,,,
237895,Cryptosporidium hominis,UP000199752,,Other,,,,,,,,
239984,Nocardiopsis ganjiahuensis,,,All-proteins,,,,,,,,
240125,Mycobacterium parascrofulaceum,UP000003653,,Other,,,,,,,,
240426,Squirrelpox virus,UP000144311,,Representative,,,,,,,,
246437,Tupaia chinensis (Chinese tree shrew),UP000011518,,Representative,,,,,,,,
249583,Irkut virus,UP000008381,,Other,,,,,,,,
252307,Robiginitalea biformata,UP000009049,,Representative,,,,,,,,
257758,Streptococcus pseudopneumoniae,UP000266144,,Non-redundant,,,,,,,,
259354,Desulfatibacillum alkenivorans (Desulfatibacillum alcenivorans),UP000183994,,Other,,,,,,,,
261202,Alto Paraguay hantavirus,,,All-proteins,,,,,,,,
261204,Itapua hantavirus,,,All-proteins,,,,,,,,
261658,Dictyostelium fasciculatum,UP000007797,,Representative,,,,,,,,
263511,Crocosphaera watsonii,UP000003922,,Representative,,,,,,,,
263815,Pneumocystis murina,UP000011958,,Representative,,,,,,,,
265619,Ornithodoros erraticus,,,All-proteins,,,,,,,,
266779,Chelativorans sp. BNC1 ([Mesorhizobium] sp. BNC1),,,All-proteins,,,,,,,,
270478,Zantedeschia mild mosaic virus,UP000202900,,Other,,,,,,,,
271108,Bombyx mori nucleopolyhedrovirus,UP000204315,,Other,,,,,,,,
272131,Nostoc punctiforme,UP000001191,,Representative,,,,,,,,
272636,Adeno-associated virus,UP000290640,,Other,,,,,,,,
280240,Nocardiopsis baichengensis,,,All-proteins,,,,,,,,
286540,Soochong virus,UP000104382,,Other,,,,,,,,
288000,Bradyrhizobium sp. BTAi1,UP000000246,,Other,,,,,,,,
290399,Arthrobacter sp. FB24,UP000000754,,Representative,,,,,,,,
292633,Dragon grouper nervous necrosis virus,UP000271218,,Other,,,,,,,,
296587,Micromonas commoda,UP000002009,,Representative,,,,,,,,
298653,Frankia sp. EAN1pec,,,All-proteins,,,,,,,,
299811,Cloning vector pASK88-huHRS3-VH-EP3/1,,,All-proteins,,,,,,,,
300180,Mopeia Lassa virus reassortant 29,UP000099038,,Other,,,,,,,,
301964,CY1014 virus,,,All-proteins,,,,,,,,
304895,Catenulispora acidiphila,UP000000851,,Representative,,,,,,,,
305674,Deerpox virus W-848-83,UP000000866,,Representative,,,,,,,,
307456,Autographa californica multiple nucleopolyhedrovirus,UP000008292,,Representative,,,,,,,,
308159,Araucaria virus,,,All-proteins,,,,,,,,
310542,Chimpanzee adenovirus,UP000831567,,Other,,,,,,,,
312185,Equine rhinitis B virus,UP000000405,,Reference,,,,,,,,
312306,Pseudomonas entomophila,UP000000658,,Other,,,,,,,,
313589,Janibacter sp. HTCC2649,UP000005063,,Representative,,,,,,,,
313627,Bacillus sp. NRRL B-14911,UP000004554,,Other,,,,,,,,
314262,Roseobacter sp. MED193,UP000005943,,Other,,,,,,,,
314275,Alteromonas mediterranea,UP000014905,,Non-redundant,,,,,,,,
315358,Spiroplasma eriocheiris,UP000035661,,Representative,,,,,,,,
316068,Leadbetterella byssophila,UP000007435,,Representative,,,,,,,,
316287,Ceratogyrus marshalli,,,All-proteins,,,,,,,,
322053,Konjac mosaic virus,UP000202808,,Other,,,,,,,,
324057,Paenibacillus sp. JDR-2,,,All-proteins,,,,,,,,
329091,Cupressus torulosa,,,All-proteins,,,,,,,,
329852,Enterobacteria phage MS2,UP000002127,,Representative,,,,,,,,
329854,Bacteroides intestinalis,UP000070319,,Non-redundant,,,,,,,,
332112,Saccharomyces cerevisiae x Saccharomyces kudriavzevii,UP000009009,,Other,,,,,,,,
332163,Candidatus Solibacter usitatus,,,All-proteins,,,,,,,,
332937,Chimpanzee alpha-1 herpesvirus,UP000143361,,Representative,,,,,,,,
333754,Alphapapillomavirus 10,UP000008222,,Representative,,,,,,,,
333757,Alphapapillomavirus 8,UP000118566,,Other,,,,,,,,
333766,Alphapapillomavirus 13,UP000096688,,Representative,,,,,,,,
333926,Gammapapillomavirus 1,UP000009253,,Representative,,,,,,,,
334203,Mupapillomavirus 1,UP000006372,,Reference,,,,,,,,
334426,Angiostrongylus costaricensis (American rat lungworm),UP000267027,,Representative,,,,,,,,
337039,Alphapapillomavirus 2,UP000009115,,Representative,,,,,,,,
337041,Alphapapillomavirus 9,UP000009251,,Representative,,,,,,,,
337042,Alphapapillomavirus 7,UP000009109,,Representative,,,,,,,,
337043,Alphapapillomavirus 4,UP000120955,,Representative,,,,,,,,
337044,Alphapapillomavirus 5,UP000145193,,Representative,,,,,,,,
337048,Alphapapillomavirus 1,UP000009117,,Representative,,,,,,,,
337049,Alphapapillomavirus 11,UP000107742,,Representative,,,,,,,,
337050,Alphapapillomavirus 6,UP000127544,,Representative,,,,,,,,
337051,Betapapillomavirus 1,UP000009252,,Representative,,,,,,,,
337052,Deltapapillomavirus 4,UP000006567,,Representative,,,,,,,,
337090,"Chlorobium chlorochromatii (epibiont of the phototrophic consortium ""Chlorochromatium aggregatum"")",,,All-proteins,,,,,,,,
338188,Bacteroides finegoldii,UP000095517,,Representative,,,,,,,,
339268,Mycobacterium colombiense,UP000025947,,Non-redundant,,,,,,,,
342409,White spot syndrome virus,UP000281246,,Representative,,,,,,,,
348604,Enterobacteria phage T4 sensu lato,,,All-proteins,,,,,,,,
351073,Mammalian orthoreovirus,UP000007253,,Representative,,,,,,,,
351745,Shewanella sp. W3-18-1,UP000002597,,Other,,,,,,,,
358400,Sangassou virus,,,All-proteins,,,,,,,,
358764,Border disease virus <species>,UP000106705,,Other,,,,,,,,
360549,Themiste hennahi,,,All-proteins,,,,,,,,
368445,Crocodilepox virus,,,All-proteins,,,,,,,,
369960,Porcine type-C oncovirus,UP000099691,,Other,,,,,,,,
370405,Gallionella capsiferriformans,UP000001235,,Representative,,,,,,,,
374810,Enterobacteria phage 933W sensu lato,,,All-proteins,,,,,,,,
374838,Reinekea blandensis,UP000005953,,Representative,,,,,,,,
374840,Enterobacteria phage phiX174 sensu lato,,,All-proteins,,,,,,,,
376805,Bacteroides salanitronis,UP000007486,,Other,,,,,,,,
386056,Paraburkholderia ferrariae,,,All-proteins,,,,,,,,
387093,Sulfurovum sp. NBC37-1,UP000006378,,Representative,,,,,,,,
388634,Bombyx mandarina nuclear polyhedrosis virus,,,All-proteins,,,,,,,,
389657,Corynebacterium pekinense,,,All-proteins,,,,,,,,
392734,Terriglobus roseus,UP000182427,,Representative,,,,,,,,
393662,Congregibacter litoralis,UP000019205,,Representative,,,,,,,,
408580,Bacillus coahuilensis,UP000074108,,Representative,,,,,,,,
410072,Coprococcus comes,UP000003793,,Other,,,,,,,,
420521,Expression vector pNIC-NHT-CF,,,All-proteins,,,,,,,,
425088,Tanganya virus,,,All-proteins,,,,,,,,
429338,Cloning vector pD-MAL1,,,All-proteins,,,,,,,,
430511,Juquitiba virus,,,All-proteins,,,,,,,,
452646,Neovison vison (mink),UP000694425,,Representative,,,,,,,,
453927,Juniperus formosana,,,All-proteins,,,,,,,,
465541,Streptomyces sp. Mg1,UP000035653,,Representative,,,,,,,,
469793,uncultured Chlamydophila sp.,,,All-proteins,,,,,,,,
471223,Geobacillus sp. WCH70,,,All-proteins,,,,,,,,
482957,Burkholderia lata,UP000494247,,Non-redundant,,,,,,,,
487797,Flavobacteria bacterium MS024-3C,UP000003631,,Representative,,,,,,,,
488177,Triticum aestivum x Lophopyrum elongatum,,,All-proteins,,,,,,,,
493803,Merkel cell polyomavirus,UP000154903,,Representative,,,,,,,,
499556,Chapare mammarenavirus,UP000008449,,Other,,,,,,,,
549169,Pseudogulbenkiania ferrooxidans,UP000016426,,Other,,,,,,,,
551760,Aromatoleum aromaticum,UP000006552,,Representative,,,,,,,,
565995,Bundibugyo ebolavirus,UP000102471,,Other,,,,,,,,
566466,gamma proteobacterium NOR5-3,UP000003977,,Other,,,,,,,,
571800,Psychrobacter sp. G,UP000014806,,Other,,,,,,,,
571949,Encephalitozoon romaleae,UP000010094,,Other,,,,,,,,
573569,Francisella sp. TX077308,UP000000490,,Other,,,,,,,,
580165,Bacillus cytotoxicus,UP000242229,,Non-redundant,,,,,,,,
630277,Tarsius lariang (Lariang tarsier),,,All-proteins,,,,,,,,
645161,Human bocavirus 4,,,All-proteins,,,,,,,,
647221,Plasmodium gaboni,UP000076004,,Other,,,,,,,,
649188,Lujo mammarenavirus,UP000201247,,Representative,,,,,,,,
651183,Aurantimonas manganoxydans,UP000000321,,Representative,,,,,,,,
658655,Lachnospiraceae bacterium 1_4_56FAA,UP000004289,,Representative,,,,,,,,
664662,Borreliella bavariensis,UP000002276,,Non-redundant,,,,,,,,
665958,Bacillus sp. BT1B_CT2,UP000003061,,Other,,,,,,,,
687340,Torque teno virus 1,UP000008778,,Representative,,,,,,,,
687341,Torque teno virus 2,UP000203082,,Representative,,,,,,,,
687342,Torque teno virus 3,UP000008257,,Representative,,,,,,,,
687343,Torque teno virus 4,UP000007553,,Representative,,,,,,,,
687345,Torque teno virus 6,UP000008258,,Representative,,,,,,,,
687346,Torque teno virus 7,UP000172761,,Representative,,,,,,,,
687347,Torque teno virus 8,UP000146867,,Representative,,,,,,,,
687350,Torque teno virus 11,UP000232560,,Representative,,,,,,,,
687351,Torque teno virus 12,UP000166604,,Other,,,,,,,,
687353,Torque teno virus 14,UP000148310,,Representative,,,,,,,,
687354,Torque teno virus 15,UP000140739,,Representative,,,,,,,,
687355,Torque teno virus 16,UP000144241,,Representative,,,,,,,,
687358,Torque teno virus 19,,,All-proteins,,,,,,,,
687359,Torque teno virus 20,UP000232833,,Representative,,,,,,,,
687360,Torque teno virus 21,UP000232847,,Representative,,,,,,,,
687362,Torque teno virus 23,UP000232667,,Representative,,,,,,,,
687363,Torque teno virus 24,UP000232628,,Other,,,,,,,,
687364,Torque teno virus 25,UP000008261,,Representative,,,,,,,,
687365,Torque teno virus 26,UP000170849,,Representative,,,,,,,,
687366,Torque teno virus 27,UP000007551,,Representative,,,,,,,,
687367,Torque teno virus 28,UP000160062,,Representative,,,,,,,,
687368,Torque teno virus 29,UP000232736,,Representative,,,,,,,,
687369,Torque teno mini virus 1,UP000008779,,Representative,,,,,,,,
687371,Torque teno mini virus 3,UP000158564,,Representative,,,,,,,,
687375,Torque teno mini virus 7,UP000114428,,Representative,,,,,,,,
687376,Torque teno mini virus 8,UP000155130,,Representative,,,,,,,,
687382,Torque teno tamarin virus,UP000008780,,Representative,,,,,,,,
687383,Torque teno douroucouli virus,UP000007080,,Representative,,,,,,,,
687384,Torque teno felis virus,UP000008781,,Representative,,,,,,,,
687385,Torque teno canis virus,UP000001295,,Representative,,,,,,,,
687386,Torque teno sus virus 1a,UP000007079,,Representative,,,,,,,,
691956,Duck hepatitis A virus,UP000000404,,Reference,,,,,,,,
693997,Alphacoronavirus 1,UP000117806,,Representative,,,,,,,,
694003,Betacoronavirus 1,UP000140344,,Representative,,,,,,,,
694005,Murine coronavirus,UP000007192,,Representative,,,,,,,,
694009,Severe acute respiratory syndrome-related coronavirus,UP000464024,,Representative,,,,,,,,
694014,Avian coronavirus,UP000138261,,Representative,,,,,,,,
712212,Capnocytophaga sp. oral taxon 326,UP000010441,,Other,,,,,,,,
742503,Tokudaia muenninki (Okinawa island spiny rat),,,All-proteins,,,,,,,,
743375,Polistes dominula (European paper wasp),,,All-proteins,,,,,,,,
743722,Sphingobacterium sp. 21,,,All-proteins,,,,,,,,
746128,Aspergillus fumigatus,UP000002530,,Representative,,,,,,,,
749535,Klebsiella sp. MS 92-3,UP000004004,,Other,,,,,,,,
862909,Trichodysplasia spinulosa-associated polyomavirus,UP000172995,,Representative,,,,,,,,
875328,Mycobacterium sinense,UP000009224,,Representative,,,,,,,,
884045,Juniperus saxicola,,,All-proteins,,,,,,,,
912594,Mycobacterium iranicum,UP000078396,,Other,,,,,,,,
940614,Granulicella mallensis,UP000007113,,Representative,,,,,,,,
1000585,Montano virus,,,All-proteins,,,,,,,,
1000586,Carrizal virus,UP000135156,,Other,,,,,,,,
1000587,Huitzilac virus,UP000170852,,Other,,,,,,,,
1004253,Cyberlindnera mrakii,,,All-proteins,,,,,,,,
1005962,Ogataea parapolymorpha,UP000008673,,Representative,,,,,,,,
1035271,Rhizobium nepotum,UP000052068,,Other,,,,,,,,
1100878,Hokkaido virus,UP000102933,,Other,,,,,,,,
1133363,Schmallenberg virus,UP000096935,,Representative,,,,,,,,
1137848,Clostridium arbusti,,,All-proteins,,,,,,,,
1176145,Pipapillomavirus 2,UP000129308,,Representative,,,,,,,,
1193974,Human enterovirus,,,All-proteins,,,,,,,,
1214225,Acidocella sp. MX-AZ02,UP000006217,,Representative,,,,,,,,
1218488,Torque teno sus virus k2,,,All-proteins,,,,,,,,
1239565,Mamastrovirus 1,UP000001650,,Reference,,,,,,,,
1239567,Mamastrovirus 3,UP000097676,,Other,,,,,,,,
1263035,Alistipes finegoldii CAG:68,UP000018154,,Representative,,,,,,,,
1268303,Rhodococcus sp. AW25M09,UP000011207,,Other,,,,,,,,
1287735,Achromobacter insuavis,UP000507979,,Non-redundant,,,,,,,,
1307800,Pegivirus A,UP000029757,,Reference,,,,,,,,
1335626,Middle East respiratory syndrome coronavirus,UP000171868,,Representative,,,,,,,,
1338344,Ambigolimax valentianus,,,All-proteins,,,,,,,,
1346520,Human parvovirus,,,All-proteins,,,,,,,,
1380386,Mycobacterium sp. URHB0044,,,All-proteins,,,,,,,,
1463841,Streptomyces sp. NRRL F-2580,,,All-proteins,,,,,,,,
1464048,Micromonospora parva,,,All-proteins,,,,,,,,
1498499,Legionella norrlandica,UP000054422,,Other,,,,,,,,
1511862,Carnivore amdoparvovirus 1,UP000008470,,Reference,,,,,,,,
1511871,Primate bocaparvovirus 1,UP000140113,,Reference,,,,,,,,
1511872,Primate bocaparvovirus 2,UP000096678,,Other,,,,,,,,
1511891,Adeno-associated dependoparvovirus A,UP000180764,,Reference,,,,,,,,
1511892,Adeno-associated dependoparvovirus B,UP000097825,,Other,,,,,,,,
1511895,Anseriform dependoparvovirus 1,UP000132918,,Other,,,,,,,,
1511900,Primate erythroparvovirus 1,UP000006624,,Reference,,,,,,,,
1511906,Carnivore protoparvovirus 1,UP000096196,,Other,,,,,,,,
1511910,Ungulate protoparvovirus 1,UP000098259,,Other,,,,,,,,
1511913,Primate tetraparvovirus 1,UP000129771,,Other,,,,,,,,
1527299,Psychromonas sp. PRT-SC03,UP000053944,,Representative,,,,,,,,
1574408,Cervus canadensis (elk),,,All-proteins,,,,,,,,
1681229,Blastomyces gilchristii,UP000002038,,Reference,,,,,,,,
1776082,Shigella sp. SF-2015,UP000004081,,Other,,,,,,,,
1821749,Cardiovirus A,UP000002319,,Reference,,,,,,,,
1821750,Cardiovirus B,UP000000283,,Other,,,,,,,,
1891729,Mesocricetus auratus polyomavirus 1,UP000008477,,Representative,,,,,,,,
1891730,Mus musculus polyomavirus 1,UP000161622,,Representative,,,,,,,,
1891762,Human polyomavirus 1,UP000145981,,Representative,,,,,,,,
1891763,Human polyomavirus 2,UP000008478,,Representative,,,,,,,,
1891767,Macaca mulatta polyomavirus 1,UP000007705,,Representative,,,,,,,,
1891770,Mus musculus polyomavirus 2,UP000158963,,Representative,,,,,,,,
